Date,Open,High,Low,Close,Volume
30-Dec-16,0.40,0.44,0.40,0.44,0
29-Dec-16,0.42,0.42,0.40,0.40,0
28-Dec-16,0.42,0.42,0.42,0.42,0
23-Dec-16,0.50,0.50,0.50,0.50,0
22-Dec-16,0.45,0.45,0.45,0.45,0
21-Dec-16,0.50,0.52,0.45,0.45,0
20-Dec-16,0.47,0.47,0.47,0.47,0
19-Dec-16,0.47,0.48,0.40,0.42,0
16-Dec-16,0.38,0.47,0.35,0.47,0
15-Dec-16,0.38,0.38,0.38,0.38,0
14-Dec-16,0.40,0.42,0.36,0.37,0
13-Dec-16,0.44,0.44,0.40,0.40,0
12-Dec-16,0.44,0.45,0.40,0.43,0
9-Dec-16,0.44,0.44,0.44,0.44,0
8-Dec-16,0.49,0.49,0.49,0.49,0
7-Dec-16,0.60,0.60,0.40,0.40,0
6-Dec-16,0.40,0.53,0.40,0.45,0
5-Dec-16,0.49,0.49,0.40,0.40,0
2-Dec-16,0.50,0.55,0.45,0.49,0
1-Dec-16,0.40,0.40,0.40,0.40,0
30-Nov-16,0.45,0.45,0.45,0.45,0
29-Nov-16,0.40,0.45,0.40,0.40,0
28-Nov-16,0.45,0.45,0.40,0.40,0
25-Nov-16,0.45,0.47,0.40,0.40,0
24-Nov-16,0.40,0.40,0.40,0.40,0
23-Nov-16,0.40,0.47,0.40,0.47,0
22-Nov-16,0.40,0.47,0.40,0.40,0
21-Nov-16,-,-,-,0.40,0
18-Nov-16,0.46,0.47,0.40,0.40,0
17-Nov-16,-,-,-,0.40,0
16-Nov-16,0.41,0.41,0.40,0.40,0
15-Nov-16,0.40,0.46,0.40,0.46,0
14-Nov-16,-,-,-,0.45,0
11-Nov-16,0.45,0.45,0.45,0.45,0
10-Nov-16,0.50,0.48,0.45,0.45,0
9-Nov-16,-,-,-,0.40,0
8-Nov-16,0.40,0.40,0.40,0.40,0
7-Nov-16,0.49,0.49,0.40,0.40,0
4-Nov-16,0.47,0.47,0.47,0.47,0
3-Nov-16,0.40,0.40,0.40,0.40,0
2-Nov-16,0.44,0.44,0.38,0.40,0
1-Nov-16,0.40,0.40,0.40,0.40,0
31-Oct-16,0.40,0.40,0.40,0.40,0
28-Oct-16,-,-,-,0.40,0
27-Oct-16,0.40,0.40,0.40,0.40,0
26-Oct-16,0.40,0.40,0.40,0.40,0
25-Oct-16,0.40,0.47,0.40,0.40,0
24-Oct-16,0.47,0.49,0.40,0.49,0
21-Oct-16,-,-,-,0.40,0
20-Oct-16,0.40,0.40,0.40,0.40,0
19-Oct-16,0.44,0.47,0.44,0.47,0
18-Oct-16,0.36,0.43,0.36,0.40,0
17-Oct-16,0.37,0.40,0.37,0.40,0
14-Oct-16,0.38,0.38,0.38,0.38,0
13-Oct-16,0.38,0.38,0.38,0.38,0
12-Oct-16,0.38,0.38,0.38,0.38,0
11-Oct-16,0.43,0.43,0.38,0.38,0
10-Oct-16,0.43,0.43,0.43,0.43,0
7-Oct-16,0.44,0.44,0.38,0.38,0
6-Oct-16,0.43,0.43,0.40,0.40,0
5-Oct-16,0.43,0.43,0.37,0.40,0
4-Oct-16,0.43,0.43,0.38,0.42,0
3-Oct-16,-,-,-,0.40,0
30-Sep-16,-,-,-,0.40,0
29-Sep-16,0.40,0.40,0.40,0.40,0
28-Sep-16,0.40,0.40,0.40,0.40,0
27-Sep-16,0.44,0.44,0.40,0.40,0
26-Sep-16,0.40,0.44,0.40,0.40,0
23-Sep-16,0.44,0.44,0.44,0.44,0
22-Sep-16,-,-,-,0.44,0
21-Sep-16,0.44,0.44,0.44,0.44,0
20-Sep-16,0.40,0.40,0.40,0.40,0
19-Sep-16,0.45,0.45,0.45,0.45,0
16-Sep-16,0.44,0.44,0.40,0.40,0
15-Sep-16,0.40,0.40,0.40,0.40,0
14-Sep-16,0.40,0.44,0.40,0.44,0
13-Sep-16,0.41,0.44,0.40,0.44,0
12-Sep-16,0.41,0.48,0.41,0.41,0
9-Sep-16,0.41,0.41,0.41,0.41,0
8-Sep-16,-,-,-,0.48,0
7-Sep-16,0.48,0.48,0.48,0.48,0
6-Sep-16,0.53,0.60,0.45,0.50,0
5-Sep-16,0.43,0.53,0.43,0.53,0
2-Sep-16,0.43,0.54,0.43,0.54,0
1-Sep-16,0.45,0.49,0.41,0.42,0
31-Aug-16,0.43,0.43,0.42,0.42,0
30-Aug-16,0.42,0.49,0.42,0.43,0
26-Aug-16,0.49,0.49,0.49,0.49,0
25-Aug-16,0.52,0.52,0.42,0.42,0
24-Aug-16,0.51,0.51,0.50,0.50,0
23-Aug-16,0.55,0.55,0.47,0.51,0
22-Aug-16,0.37,0.55,0.37,0.55,0
19-Aug-16,0.43,0.45,0.43,0.45,0
18-Aug-16,0.42,0.42,0.42,0.42,0
17-Aug-16,0.36,0.43,0.36,0.43,0
16-Aug-16,-,-,-,0.42,0
15-Aug-16,0.42,0.42,0.42,0.42,0
12-Aug-16,0.36,0.40,0.36,0.40,0
11-Aug-16,0.38,0.42,0.36,0.42,0
10-Aug-16,0.38,0.38,0.38,0.38,0
9-Aug-16,0.42,0.42,0.42,0.42,0
8-Aug-16,0.44,0.44,0.32,0.40,0
5-Aug-16,0.42,0.42,0.37,0.42,0
4-Aug-16,0.40,0.42,0.37,0.37,0
3-Aug-16,0.40,0.45,0.37,0.40,0
2-Aug-16,0.34,0.47,0.34,0.41,0
1-Aug-16,0.40,0.40,0.30,0.35,0
29-Jul-16,0.38,0.46,0.36,0.46,0
28-Jul-16,0.56,0.56,0.33,0.40,0
27-Jul-16,0.58,0.65,0.45,0.60,0
26-Jul-16,0.56,0.59,0.51,0.59,0
25-Jul-16,0.64,0.64,0.64,0.64,0
22-Jul-16,0.56,0.62,0.55,0.56,0
21-Jul-16,0.61,0.63,0.60,0.60,0
20-Jul-16,0.64,0.64,0.61,0.61,0
19-Jul-16,0.64,0.65,0.61,0.64,0
18-Jul-16,0.66,0.66,0.61,0.61,0
15-Jul-16,0.66,0.69,0.66,0.66,0
14-Jul-16,0.70,0.75,0.66,0.70,0
13-Jul-16,0.74,0.75,0.65,0.70,0
12-Jul-16,0.70,0.70,0.70,0.70,0
11-Jul-16,-,-,-,0.70,0
8-Jul-16,0.70,0.70,0.70,0.70,0
7-Jul-16,0.77,0.77,0.70,0.70,0
6-Jul-16,-,-,-,0.70,0
5-Jul-16,0.70,0.70,0.70,0.70,0
4-Jul-16,0.70,0.70,0.70,0.70,0
1-Jul-16,0.70,0.77,0.70,0.70,0
30-Jun-16,0.75,0.75,0.70,0.75,0
29-Jun-16,0.78,0.78,0.78,0.78,0
28-Jun-16,0.75,0.78,0.75,0.78,0
27-Jun-16,0.81,0.81,0.73,0.78,0
24-Jun-16,0.83,0.90,0.80,0.90,0
23-Jun-16,0.86,0.90,0.86,0.90,0
22-Jun-16,0.88,0.95,0.86,0.95,0
21-Jun-16,0.88,0.88,0.88,0.88,0
20-Jun-16,-,-,-,0.88,0
17-Jun-16,0.88,0.88,0.88,0.88,0
16-Jun-16,0.88,0.88,0.88,0.88,0
15-Jun-16,0.95,0.95,0.88,0.88,0
14-Jun-16,0.98,0.98,0.95,0.95,0
13-Jun-16,0.95,0.95,0.95,0.95,0
10-Jun-16,-,-,-,1.00,0
9-Jun-16,1.08,1.08,0.96,1.00,0
8-Jun-16,1.00,1.00,1.00,1.00,0
7-Jun-16,1.11,1.11,1.00,1.00,0
6-Jun-16,1.00,1.02,1.00,1.00,0
3-Jun-16,1.02,1.14,1.00,1.14,0
2-Jun-16,0.95,1.14,0.95,1.10,0
1-Jun-16,1.00,1.00,0.90,0.95,0
31-May-16,0.99,1.00,0.99,1.00,0
27-May-16,0.99,0.99,0.99,0.99,0
26-May-16,0.99,0.99,0.99,0.99,0
25-May-16,0.99,0.99,0.92,0.99,0
24-May-16,0.97,0.97,0.92,0.97,0
23-May-16,1.00,1.00,0.92,0.92,0
20-May-16,0.90,0.98,0.90,0.92,0
19-May-16,0.90,0.90,0.90,0.90,0
18-May-16,0.90,0.98,0.90,0.90,0
17-May-16,0.97,0.98,0.97,0.98,0
16-May-16,0.93,0.93,0.88,0.88,0
13-May-16,1.00,1.00,0.90,0.92,0
12-May-16,1.00,1.00,0.95,0.95,0
11-May-16,1.05,1.08,0.94,1.00,0
10-May-16,1.05,1.05,1.05,1.05,0
9-May-16,1.06,1.06,1.05,1.05,0
6-May-16,1.14,1.14,1.06,1.13,0
5-May-16,1.12,1.19,1.10,1.14,0
4-May-16,1.15,1.20,1.12,1.20,0
3-May-16,1.15,1.22,1.15,1.22,0
29-Apr-16,1.15,1.15,1.15,1.15,0
28-Apr-16,1.16,1.23,1.15,1.15,0
27-Apr-16,1.27,1.27,1.17,1.18,0
26-Apr-16,1.22,1.29,1.20,1.20,0
25-Apr-16,1.30,1.30,1.25,1.29,0
22-Apr-16,1.31,1.31,1.25,1.25,0
21-Apr-16,1.37,1.39,1.26,1.31,0
20-Apr-16,1.20,1.32,1.20,1.30,0
19-Apr-16,1.18,1.30,1.14,1.15,0
18-Apr-16,1.05,1.19,1.05,1.14,0
15-Apr-16,1.12,1.12,1.08,1.08,0
14-Apr-16,1.12,1.16,1.12,1.12,0
13-Apr-16,1.22,1.22,1.10,1.16,0
12-Apr-16,1.05,1.34,1.05,1.23,0
11-Apr-16,1.10,1.15,1.10,1.15,0
8-Apr-16,1.08,1.15,1.08,1.15,0
7-Apr-16,1.15,1.15,1.08,1.08,0
6-Apr-16,1.05,1.15,1.05,1.10,0
5-Apr-16,1.03,1.10,1.03,1.04,0
4-Apr-16,1.10,1.15,1.00,1.01,0
1-Apr-16,1.18,1.18,1.04,1.04,0
31-Mar-16,1.12,1.34,1.12,1.18,0
30-Mar-16,1.04,1.17,0.96,0.96,0
29-Mar-16,0.93,1.00,0.91,0.91,0
24-Mar-16,0.94,1.00,0.94,0.94,0
23-Mar-16,0.93,0.93,0.93,0.93,0
22-Mar-16,0.94,1.00,0.90,1.00,0
21-Mar-16,0.90,1.00,0.90,1.00,0
18-Mar-16,0.86,0.90,0.86,0.90,0
17-Mar-16,0.86,0.90,0.86,0.90,0
16-Mar-16,0.85,0.85,0.85,0.85,0
15-Mar-16,0.86,0.90,0.86,0.86,0
14-Mar-16,0.85,0.90,0.85,0.86,0
11-Mar-16,0.85,0.90,0.85,0.87,0
10-Mar-16,0.84,0.90,0.84,0.85,0
9-Mar-16,0.83,0.90,0.83,0.90,0
8-Mar-16,0.88,0.88,0.82,0.85,0
7-Mar-16,0.88,0.90,0.82,0.90,0
4-Mar-16,0.84,0.84,0.77,0.83,0
3-Mar-16,0.76,0.80,0.76,0.80,0
2-Mar-16,0.73,0.80,0.73,0.80,0
1-Mar-16,0.70,0.70,0.70,0.70,0
29-Feb-16,0.70,0.78,0.70,0.78,0
26-Feb-16,0.73,0.73,0.73,0.73,0
25-Feb-16,0.73,0.73,0.72,0.73,0
24-Feb-16,0.72,0.78,0.72,0.78,0
23-Feb-16,0.75,0.75,0.75,0.75,0
22-Feb-16,-,-,-,0.84,0
19-Feb-16,0.84,0.84,0.75,0.84,0
18-Feb-16,0.85,0.85,0.75,0.78,0
17-Feb-16,0.77,0.77,0.74,0.74,0
16-Feb-16,0.80,0.80,0.77,0.77,0
15-Feb-16,0.80,0.80,0.77,0.77,0
12-Feb-16,0.76,0.77,0.76,0.76,0
11-Feb-16,0.80,0.86,0.80,0.81,0
10-Feb-16,0.84,0.88,0.80,0.84,0
9-Feb-16,0.72,0.90,0.72,0.84,0
8-Feb-16,0.75,0.75,0.72,0.75,0
5-Feb-16,0.68,0.68,0.68,0.68,0
4-Feb-16,0.66,0.73,0.66,0.73,0
3-Feb-16,0.71,0.74,0.71,0.71,0
2-Feb-16,0.72,0.74,0.71,0.74,0
1-Feb-16,0.70,0.80,0.68,0.70,0
29-Jan-16,0.68,0.70,0.68,0.70,0
28-Jan-16,0.65,0.70,0.62,0.70,0
27-Jan-16,0.64,0.66,0.61,0.66,0
26-Jan-16,0.70,0.70,0.60,0.64,0
25-Jan-16,0.64,0.75,0.63,0.65,0
22-Jan-16,0.60,0.64,0.60,0.64,0
21-Jan-16,0.60,0.64,0.58,0.60,0
20-Jan-16,0.58,0.60,0.52,0.59,0
19-Jan-16,0.55,0.55,0.52,0.52,0
18-Jan-16,0.56,0.58,0.52,0.55,0
15-Jan-16,0.62,0.75,0.61,0.72,0
14-Jan-16,0.68,0.68,0.62,0.62,0
13-Jan-16,0.65,0.68,0.60,0.61,0
12-Jan-16,0.74,0.74,0.65,0.69,0
11-Jan-16,0.66,0.75,0.66,0.69,0
8-Jan-16,0.56,0.70,0.56,0.70,0
7-Jan-16,0.61,0.61,0.56,0.60,0
6-Jan-16,0.60,0.61,0.57,0.59,0
5-Jan-16,0.54,0.68,0.54,0.58,0
4-Jan-16,0.60,0.60,0.51,0.55,0
31-Dec-15,0.58,0.62,0.56,0.62,0
30-Dec-15,0.55,0.64,0.55,0.62,0
29-Dec-15,0.60,0.68,0.55,0.63,0
24-Dec-15,0.66,0.66,0.60,0.65,0
23-Dec-15,0.68,0.68,0.62,0.66,0
22-Dec-15,0.76,0.76,0.60,0.62,0
21-Dec-15,0.71,0.84,0.70,0.76,0
18-Dec-15,0.64,0.80,0.63,0.80,0
16-Dec-15,0.35,0.94,0.32,0.80,0
15-Dec-15,0.30,0.35,0.27,0.34,0
14-Dec-15,0.30,0.34,0.26,0.26,0
11-Dec-15,-,-,-,0.30,0
10-Dec-15,0.32,0.35,0.30,0.30,0
9-Dec-15,0.26,0.35,0.26,0.30,0
8-Dec-15,0.33,0.33,0.24,0.24,0
7-Dec-15,0.36,0.36,0.30,0.30,0
4-Dec-15,0.35,0.35,0.35,0.35,0
3-Dec-15,-,-,-,0.35,0
2-Dec-15,0.35,0.35,0.35,0.35,0
1-Dec-15,-,-,-,0.35,0
30-Nov-15,0.35,0.35,0.35,0.35,0
27-Nov-15,0.35,0.40,0.35,0.40,0
26-Nov-15,0.35,0.35,0.35,0.35,0
25-Nov-15,0.35,0.35,0.35,0.35,0
24-Nov-15,-,-,-,0.40,0
23-Nov-15,0.39,0.40,0.39,0.40,0
20-Nov-15,0.35,0.39,0.35,0.35,0
19-Nov-15,0.35,0.35,0.35,0.35,0
18-Nov-15,0.39,0.39,0.35,0.39,0
17-Nov-15,0.37,0.37,0.35,0.35,0
16-Nov-15,0.37,0.40,0.37,0.37,0
13-Nov-15,0.41,0.41,0.36,0.36,0
12-Nov-15,0.36,0.37,0.36,0.36,0
11-Nov-15,0.37,0.43,0.37,0.42,0
10-Nov-15,0.42,0.44,0.38,0.38,0
9-Nov-15,0.38,0.45,0.38,0.42,0
6-Nov-15,0.42,0.44,0.32,0.38,0
5-Nov-15,0.35,0.58,0.35,0.42,0
4-Nov-15,-,-,-,0.28,0
3-Nov-15,0.25,0.33,0.21,0.28,0
2-Nov-15,0.32,0.34,0.25,0.25,0
30-Oct-15,0.30,0.33,0.26,0.33,0
29-Oct-15,0.25,0.29,0.20,0.25,0
28-Oct-15,0.25,0.25,0.25,0.25,0
27-Oct-15,0.30,0.31,0.26,0.31,0
26-Oct-15,0.30,0.30,0.30,0.30,0
23-Oct-15,0.31,0.35,0.31,0.35,0
22-Oct-15,0.35,0.35,0.32,0.32,0
21-Oct-15,0.35,0.39,0.35,0.35,0
20-Oct-15,-,-,-,0.39,0
19-Oct-15,0.35,0.39,0.35,0.39,0
16-Oct-15,0.35,0.35,0.35,0.35,0
15-Oct-15,0.35,0.35,0.35,0.35,0
14-Oct-15,0.40,0.40,0.35,0.35,0
13-Oct-15,-,-,-,0.40,0
12-Oct-15,-,-,-,0.40,0
9-Oct-15,0.40,0.40,0.40,0.40,0
8-Oct-15,-,-,-,0.35,0
7-Oct-15,0.40,0.40,0.35,0.35,0
6-Oct-15,0.35,0.38,0.35,0.35,0
5-Oct-15,0.36,0.36,0.35,0.35,0
2-Oct-15,0.35,0.35,0.35,0.35,0
1-Oct-15,0.42,0.42,0.42,0.42,0
30-Sep-15,0.42,0.42,0.36,0.36,0
29-Sep-15,0.36,0.36,0.36,0.36,0
28-Sep-15,0.36,0.36,0.36,0.36,0
25-Sep-15,-,-,-,0.36,0
24-Sep-15,0.36,0.36,0.36,0.36,0
23-Sep-15,0.43,0.43,0.36,0.36,0
22-Sep-15,0.44,0.44,0.36,0.36,0
21-Sep-15,0.36,0.36,0.36,0.36,0
18-Sep-15,0.36,0.36,0.36,0.36,0
17-Sep-15,-,-,-,0.36,0
16-Sep-15,0.36,0.36,0.36,0.36,0
15-Sep-15,-,-,-,0.40,0
14-Sep-15,0.36,0.40,0.36,0.40,0
11-Sep-15,-,-,-,0.47,0
10-Sep-15,0.40,0.47,0.40,0.47,0
9-Sep-15,0.45,0.45,0.41,0.41,0
8-Sep-15,0.45,0.45,0.45,0.45,0
7-Sep-15,0.45,0.45,0.45,0.45,0
4-Sep-15,-,-,-,0.49,0
3-Sep-15,0.45,0.49,0.45,0.49,0
2-Sep-15,0.49,0.49,0.49,0.49,0
1-Sep-15,0.45,0.45,0.45,0.45,0
28-Aug-15,0.45,0.49,0.45,0.45,0
27-Aug-15,0.45,0.45,0.45,0.45,0
26-Aug-15,0.45,0.45,0.45,0.45,0
25-Aug-15,0.49,0.49,0.49,0.49,0
24-Aug-15,0.55,0.55,0.45,0.50,0
21-Aug-15,0.50,0.56,0.50,0.56,0
20-Aug-15,-,-,-,0.50,0
19-Aug-15,0.57,0.57,0.50,0.50,0
18-Aug-15,0.50,0.50,0.50,0.50,0
17-Aug-15,0.51,0.59,0.50,0.50,0
14-Aug-15,0.60,0.60,0.54,0.54,0
13-Aug-15,0.55,0.60,0.50,0.55,0
12-Aug-15,0.51,0.51,0.50,0.50,0
11-Aug-15,0.55,0.55,0.55,0.55,0
10-Aug-15,0.51,0.51,0.51,0.51,0
7-Aug-15,0.50,0.58,0.50,0.58,0
6-Aug-15,0.57,0.57,0.50,0.50,0
5-Aug-15,-,-,-,0.60,0
4-Aug-15,0.50,0.60,0.50,0.60,0
3-Aug-15,0.58,0.58,0.50,0.50,0
31-Jul-15,0.56,0.56,0.56,0.56,0
30-Jul-15,0.50,0.60,0.50,0.50,0
29-Jul-15,0.50,0.56,0.50,0.56,0
28-Jul-15,0.55,0.58,0.50,0.56,0
27-Jul-15,0.50,0.50,0.50,0.50,0
24-Jul-15,0.55,0.55,0.55,0.55,0
23-Jul-15,0.46,0.55,0.46,0.55,0
22-Jul-15,-,-,-,0.50,0
21-Jul-15,0.50,0.50,0.50,0.50,0
20-Jul-15,0.52,0.52,0.50,0.52,0
17-Jul-15,-,-,-,0.55,0
16-Jul-15,0.54,0.55,0.47,0.55,0
15-Jul-15,0.47,0.54,0.47,0.47,0
14-Jul-15,0.46,0.54,0.46,0.50,0
13-Jul-15,0.52,0.55,0.52,0.52,0
10-Jul-15,0.52,0.52,0.50,0.50,0
9-Jul-15,0.46,0.46,0.46,0.46,0
8-Jul-15,0.50,0.50,0.46,0.46,0
7-Jul-15,0.50,0.50,0.50,0.50,0
6-Jul-15,0.48,0.48,0.48,0.48,0
3-Jul-15,0.47,0.47,0.45,0.45,0
2-Jul-15,0.52,0.52,0.52,0.52,0
1-Jul-15,0.46,0.52,0.46,0.52,0
30-Jun-15,0.52,0.52,0.46,0.50,0
29-Jun-15,0.45,0.51,0.45,0.51,0
26-Jun-15,0.50,0.51,0.50,0.51,0
25-Jun-15,0.50,0.50,0.50,0.50,0
24-Jun-15,0.46,0.46,0.46,0.46,0
23-Jun-15,0.46,0.52,0.46,0.47,0
22-Jun-15,0.46,0.54,0.46,0.54,0
19-Jun-15,0.50,0.50,0.47,0.47,0
18-Jun-15,0.54,0.54,0.54,0.54,0
17-Jun-15,0.56,0.56,0.50,0.50,0
16-Jun-15,0.51,0.56,0.50,0.56,0
15-Jun-15,0.48,0.62,0.48,0.55,0
12-Jun-15,0.42,0.42,0.40,0.40,0
11-Jun-15,-,-,-,0.42,0
10-Jun-15,0.45,0.45,0.42,0.42,0
9-Jun-15,0.45,0.45,0.41,0.41,0
8-Jun-15,0.45,0.45,0.41,0.41,0
5-Jun-15,0.40,0.46,0.40,0.40,0
4-Jun-15,0.45,0.48,0.45,0.46,0
3-Jun-15,0.45,0.45,0.45,0.45,0
2-Jun-15,0.52,0.52,0.45,0.45,0
1-Jun-15,0.48,0.52,0.45,0.46,0
29-May-15,0.50,0.50,0.46,0.50,0
28-May-15,0.50,0.50,0.45,0.46,0
27-May-15,0.50,0.55,0.50,0.50,0
26-May-15,0.57,0.57,0.50,0.50,0
22-May-15,0.50,0.57,0.50,0.57,0
21-May-15,0.52,0.58,0.52,0.52,0
20-May-15,0.52,0.52,0.50,0.52,0
19-May-15,0.59,0.59,0.52,0.58,0
18-May-15,0.46,0.55,0.46,0.55,0
15-May-15,0.48,0.48,0.48,0.48,0
14-May-15,0.47,0.59,0.41,0.58,0
13-May-15,0.47,0.47,0.41,0.41,0
12-May-15,0.48,0.48,0.41,0.47,0
11-May-15,0.42,0.48,0.42,0.42,0
8-May-15,0.42,0.42,0.42,0.42,0
7-May-15,0.50,0.50,0.42,0.42,0
6-May-15,0.42,0.42,0.42,0.42,0
5-May-15,0.42,0.46,0.41,0.46,0
1-May-15,0.45,0.45,0.45,0.45,0
30-Apr-15,0.47,0.47,0.41,0.45,0
29-Apr-15,0.42,0.42,0.42,0.42,0
28-Apr-15,0.47,0.47,0.47,0.47,0
27-Apr-15,0.48,0.48,0.42,0.47,0
24-Apr-15,0.48,0.48,0.48,0.48,0
23-Apr-15,0.41,0.48,0.41,0.48,0
22-Apr-15,0.41,0.41,0.41,0.41,0
21-Apr-15,0.45,0.45,0.40,0.40,0
20-Apr-15,0.46,0.46,0.41,0.45,0
17-Apr-15,0.47,0.49,0.40,0.47,0
16-Apr-15,0.38,0.62,0.38,0.47,0
15-Apr-15,0.38,0.40,0.36,0.38,0
14-Apr-15,0.40,0.42,0.35,0.35,0
13-Apr-15,-,-,-,0.40,0
10-Apr-15,0.40,0.40,0.40,0.40,0
9-Apr-15,0.40,0.40,0.35,0.35,0
8-Apr-15,0.40,0.40,0.40,0.40,0
7-Apr-15,0.40,0.42,0.40,0.40,0
2-Apr-15,0.46,0.50,0.36,0.46,0
1-Apr-15,0.47,0.52,0.46,0.51,0
31-Mar-15,0.61,0.61,0.45,0.48,0
30-Mar-15,0.69,0.72,0.60,0.61,0
27-Mar-15,0.68,0.69,0.68,0.69,0
26-Mar-15,0.65,0.67,0.62,0.67,0
25-Mar-15,0.65,0.71,0.65,0.65,0
24-Mar-15,0.66,0.71,0.66,0.68,0
23-Mar-15,0.68,0.72,0.68,0.72,0
20-Mar-15,0.68,0.68,0.68,0.68,0
19-Mar-15,0.68,0.68,0.68,0.68,0
18-Mar-15,0.68,0.68,0.68,0.68,0
17-Mar-15,0.68,0.68,0.65,0.67,0
16-Mar-15,0.68,0.72,0.66,0.66,0
13-Mar-15,0.72,0.72,0.68,0.68,0
12-Mar-15,0.66,0.73,0.66,0.66,0
11-Mar-15,0.66,0.74,0.66,0.74,0
10-Mar-15,0.69,0.69,0.69,0.69,0
9-Mar-15,0.71,0.76,0.68,0.74,0
6-Mar-15,0.71,0.77,0.71,0.71,0
5-Mar-15,0.80,0.80,0.71,0.71,0
4-Mar-15,0.72,0.72,0.72,0.72,0
3-Mar-15,0.72,0.72,0.72,0.72,0
2-Mar-15,0.72,0.81,0.70,0.72,0
27-Feb-15,0.79,0.79,0.71,0.78,0
26-Feb-15,0.71,0.80,0.71,0.72,0
25-Feb-15,0.82,0.82,0.71,0.71,0
24-Feb-15,0.71,0.82,0.70,0.70,0
23-Feb-15,0.87,0.87,0.71,0.71,0
20-Feb-15,0.82,0.82,0.75,0.79,0
19-Feb-15,0.80,0.83,0.75,0.82,0
18-Feb-15,0.80,0.86,0.80,0.85,0
17-Feb-15,0.80,0.88,0.80,0.86,0
16-Feb-15,0.81,0.88,0.81,0.88,0
13-Feb-15,0.91,0.91,0.81,0.90,0
12-Feb-15,0.81,0.81,0.81,0.81,0
11-Feb-15,0.88,0.88,0.88,0.88,0
10-Feb-15,0.88,0.88,0.81,0.81,0
9-Feb-15,0.88,0.88,0.88,0.88,0
6-Feb-15,0.84,0.88,0.84,0.88,0
5-Feb-15,0.84,0.88,0.84,0.84,0
4-Feb-15,0.85,0.85,0.84,0.84,0
3-Feb-15,0.82,0.82,0.80,0.82,0
2-Feb-15,0.85,0.89,0.81,0.84,0
30-Jan-15,0.87,0.95,0.80,0.86,0
29-Jan-15,0.86,0.98,0.80,0.89,0
28-Jan-15,0.91,0.91,0.91,0.91,0
27-Jan-15,0.90,0.98,0.90,0.98,0
26-Jan-15,0.95,0.95,0.95,0.95,0
23-Jan-15,0.92,1.08,0.92,0.95,0
22-Jan-15,0.90,0.95,0.90,0.95,0
21-Jan-15,0.91,0.94,0.90,0.93,0
20-Jan-15,0.92,0.92,0.90,0.90,0
19-Jan-15,0.92,0.92,0.92,0.92,0
16-Jan-15,-,-,-,0.92,0
15-Jan-15,0.90,0.95,0.90,0.92,0
14-Jan-15,1.08,1.08,0.90,0.90,0
13-Jan-15,0.90,1.10,0.90,1.10,0
12-Jan-15,0.91,0.98,0.90,0.98,0
9-Jan-15,0.91,1.00,0.91,1.00,0
8-Jan-15,1.02,1.02,0.95,0.95,0
7-Jan-15,0.92,0.92,0.90,0.90,0
6-Jan-15,1.03,1.03,0.93,0.93,0
5-Jan-15,0.93,1.05,0.93,0.93,0
31-Dec-14,1.01,1.01,0.95,1.00,0
30-Dec-14,-,-,-,1.06,0
29-Dec-14,1.05,1.06,1.05,1.06,0
24-Dec-14,1.10,1.10,1.06,1.06,0
23-Dec-14,1.17,1.17,1.10,1.10,0
22-Dec-14,1.17,1.17,1.11,1.11,0
19-Dec-14,1.17,1.22,1.10,1.17,0
18-Dec-14,1.15,1.30,1.15,1.17,0
17-Dec-14,1.15,1.32,1.05,1.15,0
16-Dec-14,0.96,1.20,0.96,1.00,0
15-Dec-14,0.90,1.10,0.90,0.96,0
12-Dec-14,0.96,1.10,0.90,1.10,0
11-Dec-14,0.95,1.10,0.90,1.10,0
10-Dec-14,0.90,1.00,0.90,0.95,0
9-Dec-14,0.94,1.10,0.93,1.10,0
8-Dec-14,0.96,1.10,0.90,1.10,0
5-Dec-14,0.85,0.95,0.85,0.95,0
4-Dec-14,0.85,0.85,0.85,0.85,0
3-Dec-14,0.94,0.94,0.85,0.85,0
2-Dec-14,0.93,0.94,0.85,0.94,0
1-Dec-14,0.82,0.82,0.82,0.82,0
28-Nov-14,0.82,0.82,0.82,0.82,0
27-Nov-14,0.90,0.90,0.80,0.84,0
26-Nov-14,0.90,0.94,0.90,0.94,0
25-Nov-14,0.90,0.94,0.90,0.94,0
24-Nov-14,0.95,1.00,0.90,0.90,0
21-Nov-14,0.95,0.95,0.95,0.95,0
20-Nov-14,0.95,1.00,0.95,1.00,0
19-Nov-14,1.06,1.06,0.95,1.02,0
18-Nov-14,1.02,1.02,1.00,1.00,0
17-Nov-14,1.06,1.16,1.02,1.02,0
14-Nov-14,1.14,1.35,1.00,1.00,0
13-Nov-14,0.95,0.97,0.92,0.92,0
12-Nov-14,0.90,0.95,0.90,0.95,0
11-Nov-14,0.91,0.92,0.91,0.91,0
10-Nov-14,0.91,1.01,0.91,0.91,0
7-Nov-14,0.92,0.98,0.91,0.91,0
6-Nov-14,1.01,1.01,1.01,1.01,0
5-Nov-14,0.98,0.99,0.92,0.92,0
4-Nov-14,0.98,0.98,0.98,0.98,0
3-Nov-14,0.98,0.98,0.95,0.95,0
31-Oct-14,0.95,0.98,0.95,0.98,0
30-Oct-14,0.95,0.95,0.95,0.95,0
29-Oct-14,1.09,1.09,0.95,0.95,0
28-Oct-14,1.15,1.18,0.96,0.97,0
27-Oct-14,1.16,1.17,1.15,1.17,0
24-Oct-14,1.16,1.24,1.15,1.16,0
23-Oct-14,1.20,1.25,1.15,1.24,0
22-Oct-14,1.14,1.20,1.10,1.20,0
21-Oct-14,1.13,1.25,1.10,1.14,0
20-Oct-14,1.08,1.20,1.04,1.10,0
17-Oct-14,0.96,1.09,0.91,1.09,0
16-Oct-14,0.90,0.97,0.90,0.90,0
15-Oct-14,0.90,1.04,0.81,0.90,0
14-Oct-14,0.80,0.80,0.80,0.80,0
13-Oct-14,1.00,1.03,0.85,0.88,0
10-Oct-14,0.76,1.15,0.76,0.90,0
9-Oct-14,0.83,0.84,0.76,0.76,0
8-Oct-14,0.76,0.90,0.75,0.90,0
7-Oct-14,0.76,0.90,0.76,0.76,0
6-Oct-14,0.77,0.85,0.77,0.77,0
3-Oct-14,0.79,0.85,0.77,0.82,0
2-Oct-14,0.85,0.86,0.70,0.75,0
1-Oct-14,0.87,0.95,0.85,0.85,0
30-Sep-14,0.99,1.20,0.85,0.87,0
29-Sep-14,0.70,1.15,0.66,0.98,0
26-Sep-14,0.70,0.70,0.65,0.70,0
25-Sep-14,0.65,0.72,0.65,0.65,0
24-Sep-14,0.65,0.65,0.65,0.65,0
23-Sep-14,0.66,0.74,0.65,0.66,0
22-Sep-14,0.72,0.74,0.66,0.66,0
19-Sep-14,0.66,0.66,0.66,0.66,0
18-Sep-14,-,-,-,0.72,0
17-Sep-14,0.72,0.72,0.72,0.72,0
16-Sep-14,0.66,0.69,0.66,0.69,0
15-Sep-14,0.79,0.79,0.60,0.66,0
12-Sep-14,0.71,0.71,0.71,0.71,0
11-Sep-14,0.82,0.82,0.82,0.82,0
10-Sep-14,0.71,0.71,0.71,0.71,0
9-Sep-14,0.75,0.76,0.75,0.76,0
8-Sep-14,0.75,0.76,0.75,0.76,0
5-Sep-14,0.76,0.82,0.75,0.76,0
4-Sep-14,0.76,0.82,0.76,0.76,0
3-Sep-14,0.76,0.76,0.76,0.76,0
2-Sep-14,0.83,0.83,0.76,0.76,0
1-Sep-14,0.76,0.77,0.76,0.77,0
29-Aug-14,0.76,0.90,0.76,0.90,0
28-Aug-14,0.76,0.76,0.76,0.76,0
27-Aug-14,0.75,0.90,0.75,0.82,0
26-Aug-14,0.75,0.83,0.75,0.75,0
22-Aug-14,0.75,0.75,0.75,0.75,0
21-Aug-14,0.83,0.83,0.75,0.75,0
20-Aug-14,0.75,0.75,0.75,0.75,0
19-Aug-14,0.84,0.84,0.75,0.75,0
18-Aug-14,0.80,0.87,0.75,0.75,0
15-Aug-14,0.80,0.89,0.80,0.80,0
14-Aug-14,0.88,0.88,0.88,0.88,0
13-Aug-14,0.80,0.80,0.80,0.80,0
12-Aug-14,0.81,0.89,0.80,0.80,0
11-Aug-14,0.80,0.90,0.80,0.81,0
8-Aug-14,0.80,0.80,0.80,0.80,0
7-Aug-14,0.84,0.93,0.81,0.81,0
6-Aug-14,0.84,0.93,0.84,0.93,0
5-Aug-14,0.88,0.96,0.84,0.84,0
4-Aug-14,0.88,0.88,0.88,0.88,0
1-Aug-14,0.88,0.97,0.88,0.97,0
31-Jul-14,0.86,0.98,0.86,0.98,0
30-Jul-14,0.87,0.98,0.80,0.86,0
29-Jul-14,0.87,0.87,0.87,0.87,0
28-Jul-14,0.87,0.99,0.87,0.98,0
25-Jul-14,0.98,0.98,0.87,0.87,0
24-Jul-14,0.96,0.96,0.87,0.87,0
23-Jul-14,0.96,0.96,0.86,0.86,0
22-Jul-14,0.96,0.96,0.86,0.86,0
21-Jul-14,0.90,0.90,0.90,0.90,0
18-Jul-14,0.90,0.98,0.90,0.90,0
17-Jul-14,0.92,0.99,0.86,0.90,0
16-Jul-14,0.95,0.97,0.88,0.96,0
15-Jul-14,1.02,1.02,0.95,1.00,0
14-Jul-14,1.04,1.04,1.00,1.00,0
11-Jul-14,1.00,1.10,1.00,1.00,0
10-Jul-14,1.10,1.10,1.00,1.00,0
9-Jul-14,1.11,1.11,1.00,1.10,0
8-Jul-14,1.00,1.00,1.00,1.00,0
7-Jul-14,1.11,1.11,1.00,1.01,0
4-Jul-14,1.12,1.20,1.02,1.05,0
3-Jul-14,1.07,1.16,1.05,1.05,0
2-Jul-14,1.00,1.07,1.00,1.00,0
1-Jul-14,0.95,0.95,0.95,0.95,0
30-Jun-14,1.00,1.00,0.95,0.95,0
27-Jun-14,0.95,1.00,0.95,1.00,0
26-Jun-14,0.95,1.00,0.95,0.95,0
25-Jun-14,1.00,1.00,0.95,0.95,0
24-Jun-14,1.01,1.01,0.95,0.95,0
23-Jun-14,1.01,1.04,0.95,0.95,0
20-Jun-14,0.98,0.99,0.95,0.99,0
19-Jun-14,0.90,1.00,0.90,0.98,0
18-Jun-14,0.92,1.00,0.92,1.00,0
17-Jun-14,1.01,1.04,1.00,1.00,0
16-Jun-14,1.01,1.01,1.01,1.01,0
13-Jun-14,1.01,1.04,1.01,1.04,0
12-Jun-14,1.00,1.06,1.00,1.04,0
11-Jun-14,1.08,1.15,1.01,1.06,0
10-Jun-14,1.07,1.07,1.00,1.03,0
9-Jun-14,1.09,1.09,1.01,1.05,0
6-Jun-14,1.11,1.11,1.05,1.05,0
5-Jun-14,1.11,1.11,1.05,1.11,0
4-Jun-14,1.10,1.11,1.05,1.11,0
3-Jun-14,1.15,1.15,1.10,1.10,0
2-Jun-14,1.16,1.16,1.10,1.10,0
30-May-14,1.10,1.20,1.10,1.20,0
29-May-14,1.10,1.16,1.10,1.16,0
28-May-14,1.17,1.17,1.10,1.10,0
27-May-14,1.17,1.18,1.10,1.11,0
23-May-14,1.10,1.18,1.10,1.10,0
22-May-14,1.10,1.10,1.10,1.10,0
21-May-14,1.19,1.19,1.10,1.10,0
20-May-14,1.16,1.20,1.15,1.15,0
19-May-14,1.20,1.21,1.15,1.15,0
16-May-14,1.28,1.30,1.20,1.20,0
15-May-14,1.33,1.35,1.24,1.28,0
14-May-14,1.16,1.25,1.16,1.25,0
13-May-14,1.27,1.27,1.17,1.17,0
12-May-14,1.30,1.30,1.16,1.16,0
9-May-14,1.20,1.25,1.16,1.16,0
8-May-14,1.33,1.33,1.19,1.20,0
7-May-14,1.32,1.32,1.32,1.32,0
6-May-14,1.32,1.32,1.16,1.30,0
2-May-14,1.29,1.32,1.29,1.32,0
1-May-14,1.30,1.30,1.18,1.18,0
30-Apr-14,1.18,1.18,1.17,1.17,0
29-Apr-14,1.20,1.30,1.20,1.30,0
28-Apr-14,1.21,1.29,1.20,1.29,0
25-Apr-14,1.26,1.30,1.21,1.21,0
24-Apr-14,1.29,1.35,1.25,1.35,0
23-Apr-14,1.21,1.38,1.21,1.29,0
22-Apr-14,1.18,1.40,1.16,1.35,0
17-Apr-14,1.15,1.17,1.14,1.17,0
16-Apr-14,1.04,1.20,1.04,1.14,0
15-Apr-14,1.04,1.14,1.04,1.04,0
14-Apr-14,1.12,1.15,1.03,1.04,0
11-Apr-14,1.12,1.22,1.12,1.20,0
10-Apr-14,1.11,1.25,1.10,1.15,0
9-Apr-14,1.23,1.25,1.10,1.19,0
8-Apr-14,1.07,1.23,1.07,1.20,0
7-Apr-14,1.04,1.08,0.95,1.07,0
4-Apr-14,0.95,1.05,0.95,0.96,0
3-Apr-14,0.95,1.04,0.95,0.95,0
2-Apr-14,1.00,1.00,0.95,1.00,0
1-Apr-14,0.96,1.02,0.95,0.95,0
31-Mar-14,0.95,1.02,0.95,1.00,0
28-Mar-14,1.03,1.03,0.95,1.00,0
27-Mar-14,1.03,1.03,0.96,1.00,0
26-Mar-14,1.00,1.04,1.00,1.00,0
25-Mar-14,1.00,1.05,1.00,1.00,0
24-Mar-14,1.01,1.08,1.00,1.00,0
21-Mar-14,1.05,1.09,1.00,1.05,0
20-Mar-14,1.10,1.10,1.05,1.09,0
19-Mar-14,1.15,1.15,1.10,1.10,0
18-Mar-14,1.00,1.08,1.00,1.07,0
17-Mar-14,1.01,1.08,1.00,1.00,0
14-Mar-14,1.06,-,-,1.01,0
13-Mar-14,1.08,-,-,1.06,0
12-Mar-14,1.08,-,-,1.08,0
11-Mar-14,1.14,-,-,1.08,0
10-Mar-14,1.06,-,-,1.06,0
7-Mar-14,1.06,-,-,1.06,0
6-Mar-14,1.06,-,-,1.18,0
5-Mar-14,1.09,-,-,1.06,0
4-Mar-14,1.04,-,-,1.15,0
3-Mar-14,1.04,-,-,1.00,0
28-Feb-14,1.01,-,-,1.15,0
27-Feb-14,1.03,-,-,1.16,0
26-Feb-14,1.07,-,-,1.25,0
25-Feb-14,1.10,-,-,1.07,0
24-Feb-14,1.10,-,-,1.20,0
21-Feb-14,1.24,-,-,1.20,0
20-Feb-14,1.21,-,-,1.20,0
19-Feb-14,1.33,-,-,1.27,0
18-Feb-14,1.25,-,-,1.35,0
17-Feb-14,1.34,-,-,1.26,0
14-Feb-14,1.25,-,-,1.34,0
13-Feb-14,1.30,-,-,1.35,0
12-Feb-14,1.35,-,-,1.30,0
11-Feb-14,1.35,-,-,1.35,0
10-Feb-14,1.42,-,-,1.41,0
7-Feb-14,1.31,-,-,1.45,0
6-Feb-14,1.24,-,-,1.15,0
5-Feb-14,1.25,-,-,1.16,0
4-Feb-14,1.20,-,-,1.15,0
3-Feb-14,1.23,-,-,1.32,0
31-Jan-14,1.16,-,-,1.23,0
30-Jan-14,1.14,-,-,1.11,0
29-Jan-14,1.15,-,-,1.14,0
28-Jan-14,1.15,-,-,1.15,0
27-Jan-14,1.15,-,-,1.21,0
24-Jan-14,1.18,-,-,1.15,0
23-Jan-14,1.28,-,-,1.20,0
22-Jan-14,1.25,-,-,1.25,0
21-Jan-14,1.25,-,-,1.20,0
20-Jan-14,1.30,-,-,1.25,0
17-Jan-14,1.31,-,-,1.30,0
16-Jan-14,1.37,-,-,1.43,0
15-Jan-14,0.99,-,-,1.37,0
14-Jan-14,0.96,-,-,0.95,0
13-Jan-14,0.91,-,-,1.01,0
10-Jan-14,1.00,-,-,1.00,0
9-Jan-14,1.01,-,-,1.00,0
8-Jan-14,1.01,-,-,1.01,0
7-Jan-14,1.00,-,-,1.01,0
6-Jan-14,1.09,-,-,1.01,0
3-Jan-14,1.09,-,-,1.00,0
2-Jan-14,1.01,-,-,1.00,0
31-Dec-13,1.11,-,-,1.01,0
30-Dec-13,1.11,-,-,1.02,0
27-Dec-13,1.02,-,-,1.12,0
24-Dec-13,1.02,-,-,1.12,0
23-Dec-13,1.12,-,-,1.01,0
20-Dec-13,1.05,-,-,1.10,0
19-Dec-13,-,-,-,1.05,0
18-Dec-13,1.05,-,-,1.05,0
17-Dec-13,1.12,-,-,1.05,0
16-Dec-13,1.19,-,-,1.12,0
13-Dec-13,1.16,-,-,1.16,0
12-Dec-13,1.16,-,-,1.16,0
11-Dec-13,1.13,-,-,1.12,0
10-Dec-13,1.04,-,-,1.12,0
9-Dec-13,1.02,-,-,1.04,0
6-Dec-13,1.02,-,-,1.02,0
5-Dec-13,-,-,-,1.02,0
4-Dec-13,1.02,-,-,1.02,0
3-Dec-13,1.01,-,-,1.02,0
2-Dec-13,1.00,-,-,1.06,0
29-Nov-13,1.00,-,-,1.03,0
28-Nov-13,1.00,-,-,1.00,0
27-Nov-13,1.00,-,-,1.03,0
26-Nov-13,1.07,-,-,1.01,0
25-Nov-13,1.07,-,-,1.05,0
22-Nov-13,1.05,-,-,1.05,0
21-Nov-13,1.09,-,-,1.05,0
20-Nov-13,1.08,-,-,1.08,0
19-Nov-13,1.07,-,-,1.05,0
18-Nov-13,1.12,-,-,1.12,0
15-Nov-13,1.10,-,-,1.09,0
14-Nov-13,1.10,-,-,1.07,0
13-Nov-13,1.05,-,-,1.10,0
12-Nov-13,1.05,-,-,1.12,0
11-Nov-13,1.05,-,-,1.05,0
8-Nov-13,1.06,-,-,1.10,0
7-Nov-13,1.02,-,-,1.14,0
6-Nov-13,1.08,-,-,1.04,0
5-Nov-13,1.11,-,-,1.10,0
4-Nov-13,1.20,-,-,1.10,0
1-Nov-13,1.20,-,-,1.10,0
31-Oct-13,1.33,-,-,1.21,0
30-Oct-13,1.26,-,-,1.33,0
29-Oct-13,1.30,-,-,1.26,0
28-Oct-13,1.39,-,-,1.35,0
25-Oct-13,1.39,-,-,1.35,0
24-Oct-13,1.36,-,-,1.36,0
23-Oct-13,1.38,-,-,1.40,0
22-Oct-13,1.31,-,-,1.38,0
21-Oct-13,1.28,-,-,1.40,0
18-Oct-13,1.28,-,-,1.28,0
17-Oct-13,1.30,-,-,1.30,0
16-Oct-13,1.30,-,-,1.30,0
15-Oct-13,1.30,-,-,1.38,0
14-Oct-13,1.32,-,-,1.36,0
11-Oct-13,1.32,-,-,1.39,0
10-Oct-13,1.25,-,-,1.42,0
9-Oct-13,1.36,-,-,1.30,0
8-Oct-13,1.35,-,-,1.35,0
7-Oct-13,1.39,-,-,1.40,0
4-Oct-13,1.40,-,-,1.40,0
3-Oct-13,1.45,-,-,1.40,0
2-Oct-13,1.57,-,-,1.50,0
1-Oct-13,1.45,-,-,1.50,0
30-Sep-13,1.63,-,-,1.50,0
27-Sep-13,1.38,-,-,1.62,0
26-Sep-13,1.42,-,-,1.36,0
25-Sep-13,1.34,-,-,1.39,0
24-Sep-13,1.25,-,-,1.34,0
20-Sep-13,1.26,-,-,1.31,0
19-Sep-13,1.25,-,-,1.31,0
18-Sep-13,1.31,-,-,1.31,0
17-Sep-13,1.26,-,-,1.31,0
16-Sep-13,1.35,-,-,1.26,0
13-Sep-13,1.33,-,-,1.28,0
12-Sep-13,1.49,-,-,1.30,0
11-Sep-13,1.43,-,-,1.40,0
10-Sep-13,1.38,-,-,1.43,0
9-Sep-13,1.23,-,-,1.22,0
6-Sep-13,1.24,-,-,1.15,0
5-Sep-13,1.24,-,-,1.20,0
4-Sep-13,1.20,-,-,1.24,0
3-Sep-13,1.27,-,-,1.20,0
2-Sep-13,1.25,-,-,1.25,0
30-Aug-13,1.32,-,-,1.32,0
29-Aug-13,1.25,-,-,1.25,0
28-Aug-13,1.28,-,-,1.25,0
27-Aug-13,1.29,-,-,1.35,0
23-Aug-13,1.26,-,-,1.25,0
22-Aug-13,1.28,-,-,1.25,0
21-Aug-13,1.33,-,-,1.25,0
20-Aug-13,1.20,-,-,1.30,0
19-Aug-13,1.25,-,-,1.22,0
16-Aug-13,1.30,-,-,1.27,0
15-Aug-13,1.39,-,-,1.30,0
14-Aug-13,1.33,-,-,1.32,0
13-Aug-13,1.43,-,-,1.40,0
12-Aug-13,1.45,-,-,1.40,0
9-Aug-13,1.45,-,-,1.42,0
8-Aug-13,1.49,-,-,1.47,0
7-Aug-13,1.60,-,-,1.46,0
6-Aug-13,1.40,-,-,1.62,0
5-Aug-13,1.30,-,-,1.49,0
2-Aug-13,1.20,-,-,1.24,0
1-Aug-13,1.18,-,-,1.20,0
31-Jul-13,1.10,-,-,1.23,0
30-Jul-13,1.09,-,-,1.00,0
29-Jul-13,1.00,-,-,1.00,0
26-Jul-13,1.04,-,-,1.06,0
25-Jul-13,0.90,-,-,1.04,0
24-Jul-13,0.81,-,-,0.85,0
23-Jul-13,0.80,-,-,0.93,0
22-Jul-13,0.85,-,-,0.85,0
19-Jul-13,0.86,-,0.85,0.85,0
18-Jul-13,0.85,-,0.82,0.82,0
17-Jul-13,0.88,-,0.87,0.87,0
16-Jul-13,0.88,-,0.85,0.85,0
15-Jul-13,0.93,0.95,0.80,0.88,0
12-Jul-13,0.82,0.88,0.82,0.88,0
11-Jul-13,0.82,0.83,0.76,0.82,0
10-Jul-13,0.72,0.83,0.72,0.83,0
9-Jul-13,0.75,-,0.70,0.75,0
8-Jul-13,0.86,-,0.75,0.80,0
5-Jul-13,0.87,-,0.85,0.86,0
4-Jul-13,0.99,0.99,0.85,0.85,0
3-Jul-13,0.85,0.99,0.85,0.85,0
2-Jul-13,0.85,-,0.85,0.85,0
1-Jul-13,0.90,0.90,0.85,0.85,0
28-Jun-13,1.03,1.03,0.90,0.92,0
27-Jun-13,1.00,-,0.88,1.00,0
26-Jun-13,1.20,-,1.20,1.21,0
25-Jun-13,1.20,-,1.18,1.20,0
24-Jun-13,1.25,-,1.25,1.25,0
21-Jun-13,1.26,-,1.25,1.26,0
20-Jun-13,1.23,-,1.23,1.26,0
19-Jun-13,1.26,-,1.25,1.25,0
18-Jun-13,1.30,-,1.26,1.26,0
17-Jun-13,1.30,-,1.30,1.30,0
14-Jun-13,1.35,1.38,1.30,1.30,0
13-Jun-13,1.36,-,1.31,1.35,0
12-Jun-13,1.42,1.42,1.36,1.37,0
11-Jun-13,1.39,-,1.38,1.42,0
10-Jun-13,1.45,1.47,1.38,1.39,0
7-Jun-13,1.40,1.45,1.38,1.45,0
6-Jun-13,1.40,1.45,1.31,1.35,0
5-Jun-13,1.49,-,1.38,1.40,0
4-Jun-13,1.60,1.60,1.50,1.50,0
3-Jun-13,1.87,1.95,1.60,1.61,0
31-May-13,1.83,1.83,1.62,1.65,0
30-May-13,1.78,1.88,1.74,1.83,0
29-May-13,1.65,1.80,1.65,1.73,0
28-May-13,1.47,1.70,1.35,1.64,0
24-May-13,1.41,1.42,-,1.42,0
23-May-13,1.37,-,1.36,1.38,0
22-May-13,1.38,1.44,1.37,1.37,0
21-May-13,1.37,1.47,1.37,1.47,0
20-May-13,1.36,1.48,1.33,1.45,0
17-May-13,1.37,1.37,1.30,1.30,0
16-May-13,1.30,1.39,1.28,1.39,0
15-May-13,1.40,-,1.30,1.33,0
14-May-13,1.45,-,1.40,1.40,0
13-May-13,1.55,1.55,1.42,1.50,0
10-May-13,1.60,1.60,1.55,1.55,0
9-May-13,1.58,1.87,1.56,1.59,0
8-May-13,1.35,1.62,1.35,1.39,0
7-May-13,1.29,1.40,1.29,1.40,0
3-May-13,1.24,1.38,-,1.35,0
2-May-13,1.11,1.25,1.11,1.18,0
1-May-13,1.10,-,1.10,1.16,0
30-Apr-13,1.10,-,1.10,1.10,0
29-Apr-13,1.06,1.17,1.06,1.17,0
26-Apr-13,1.08,1.10,1.07,1.08,0
25-Apr-13,1.08,1.10,1.05,1.10,0
24-Apr-13,1.10,1.10,1.00,1.08,0
23-Apr-13,1.10,1.11,1.10,1.11,0
22-Apr-13,1.10,-,1.10,1.10,0
19-Apr-13,1.05,-,1.05,1.10,0
18-Apr-13,1.15,-,1.08,1.12,0
17-Apr-13,1.20,-,1.10,1.10,0
16-Apr-13,1.20,1.25,1.20,1.20,0
15-Apr-13,1.27,1.30,1.25,1.25,0
12-Apr-13,1.25,-,1.25,1.26,0
11-Apr-13,1.28,-,1.25,1.25,0
10-Apr-13,1.29,1.31,1.26,1.27,0
9-Apr-13,1.22,1.35,1.22,1.26,0
8-Apr-13,1.19,1.22,1.16,1.22,0
5-Apr-13,1.20,1.25,1.15,1.21,0
4-Apr-13,1.25,-,1.16,1.20,0
3-Apr-13,1.25,1.26,1.20,1.25,0
2-Apr-13,1.33,1.33,1.25,1.25,0
28-Mar-13,1.35,1.35,1.30,1.32,0
27-Mar-13,1.38,1.38,1.35,1.35,0
26-Mar-13,1.40,-,1.35,1.35,0
25-Mar-13,1.45,-,1.40,1.40,0
22-Mar-13,1.46,-,1.40,1.40,0
21-Mar-13,1.45,-,1.42,1.46,0
20-Mar-13,1.52,-,1.40,1.40,0
19-Mar-13,1.55,-,1.50,1.50,0
18-Mar-13,1.63,-,1.55,1.55,0
15-Mar-13,1.58,1.70,1.57,1.63,0
14-Mar-13,1.59,1.68,1.55,1.58,0
13-Mar-13,1.46,1.64,1.46,1.58,0
12-Mar-13,1.46,1.53,1.46,1.53,0
11-Mar-13,1.53,1.53,1.42,1.48,0
8-Mar-13,1.55,-,1.43,1.50,0
7-Mar-13,1.56,-,1.55,1.57,0
6-Mar-13,1.60,1.66,1.55,1.61,0
5-Mar-13,1.58,1.65,1.44,1.60,0
4-Mar-13,1.44,1.72,1.41,1.63,0
1-Mar-13,1.42,1.45,1.38,1.44,0
28-Feb-13,1.45,1.45,1.36,1.42,0
27-Feb-13,1.37,1.42,1.35,1.41,-
26-Feb-13,1.38,-,1.37,1.41,-
25-Feb-13,1.47,1.48,1.37,1.40,-
22-Feb-13,1.37,1.50,1.35,1.42,-
21-Feb-13,1.36,1.40,1.28,1.34,-
20-Feb-13,1.31,1.43,1.29,1.38,-
19-Feb-13,1.32,1.35,1.25,1.31,-
18-Feb-13,1.34,1.36,1.25,1.27,-
15-Feb-13,1.49,1.49,1.30,1.39,-
14-Feb-13,1.41,1.49,1.35,1.49,-
13-Feb-13,1.35,1.49,1.31,1.49,-
12-Feb-13,1.30,1.39,1.27,1.39,-
11-Feb-13,1.35,1.35,1.26,1.27,-
8-Feb-13,1.34,1.35,1.30,1.32,-
7-Feb-13,1.32,1.38,1.30,1.32,-
6-Feb-13,1.46,1.46,1.27,1.40,-
5-Feb-13,1.44,1.48,1.40,1.40,-
4-Feb-13,1.54,1.55,1.37,1.41,-
1-Feb-13,1.36,1.50,1.32,1.50,-
31-Jan-13,1.30,1.36,1.26,1.31,-
30-Jan-13,1.31,1.40,1.31,1.35,-
29-Jan-13,1.45,1.50,1.26,1.32,-
28-Jan-13,1.80,1.80,1.38,1.50,-
25-Jan-13,2.00,2.00,1.74,1.75,-
24-Jan-13,2.28,-,2.02,2.02,-
23-Jan-13,2.38,2.40,2.07,2.30,-
22-Jan-13,2.44,2.44,2.30,2.39,-
21-Jan-13,2.25,2.50,2.25,2.38,-
18-Jan-13,2.30,2.44,2.25,2.39,-
17-Jan-13,2.35,2.46,2.31,2.31,-
16-Jan-13,2.50,2.50,2.38,2.50,-
15-Jan-13,2.56,2.56,2.32,2.46,-
14-Jan-13,2.50,2.58,2.32,2.57,-
11-Jan-13,2.58,2.70,2.31,2.32,-
10-Jan-13,2.55,2.55,2.50,2.50,-
9-Jan-13,2.60,2.60,2.25,2.55,-
8-Jan-13,2.52,-,2.50,2.50,-
7-Jan-13,2.51,2.92,2.51,2.92,-
4-Jan-13,2.63,2.63,2.50,2.62,-
3-Jan-13,2.34,2.64,2.31,2.62,-
2-Jan-13,2.60,2.70,2.50,2.50,-
31-Dec-12,2.62,2.62,2.30,2.60,-
28-Dec-12,2.31,2.66,2.30,2.66,-
27-Dec-12,2.28,2.64,2.28,2.50,-
24-Dec-12,2.60,2.60,2.26,2.26,-
21-Dec-12,2.28,2.60,2.28,2.47,-
20-Dec-12,2.42,2.55,-,2.55,-
19-Dec-12,2.45,2.45,2.25,2.28,-
18-Dec-12,2.50,-,2.25,2.25,-
17-Dec-12,2.51,-,2.30,2.50,-
14-Dec-12,2.38,2.58,2.25,2.50,-
13-Dec-12,2.50,-,2.25,2.32,-
12-Dec-12,2.58,-,2.50,2.52,-
11-Dec-12,2.68,2.68,2.58,2.67,-
10-Dec-12,2.65,2.70,2.56,2.58,-
7-Dec-12,2.62,2.85,2.56,2.65,-
6-Dec-12,2.70,2.70,2.61,2.70,-
5-Dec-12,2.84,-,2.55,2.74,-
4-Dec-12,2.75,-,2.75,2.76,-
3-Dec-12,2.81,3.00,2.80,2.80,-
30-Nov-12,2.78,-,2.78,2.90,-
29-Nov-12,2.82,-,2.78,2.78,-
28-Nov-12,2.99,-,2.99,2.99,-
27-Nov-12,2.82,-,2.82,2.82,-
26-Nov-12,3.00,3.00,2.83,2.83,-
23-Nov-12,2.99,3.00,2.82,2.82,-
22-Nov-12,3.00,3.00,2.80,2.80,-
21-Nov-12,3.00,3.00,2.82,2.84,0
20-Nov-12,3.05,3.05,2.82,2.99,0
19-Nov-12,-,-,-,3.08,0
16-Nov-12,-,-,-,2.82,0
15-Nov-12,-,-,-,2.88,0
14-Nov-12,-,-,-,2.86,0
13-Nov-12,-,-,-,3.00,0
12-Nov-12,-,-,-,3.00,0
9-Nov-12,-,-,-,3.00,0
8-Nov-12,-,-,-,3.16,0
7-Nov-12,-,-,-,3.17,0
6-Nov-12,-,-,-,3.18,0
5-Nov-12,-,-,-,3.03,0
2-Nov-12,-,-,-,2.90,0
1-Nov-12,-,-,-,2.75,0
31-Oct-12,-,-,-,2.94,0
30-Oct-12,-,-,-,3.00,0
29-Oct-12,-,-,-,3.00,0
26-Oct-12,-,-,-,3.06,0
25-Oct-12,-,-,-,3.00,0
24-Oct-12,-,-,-,2.85,0
23-Oct-12,-,-,-,3.16,0
22-Oct-12,-,-,-,3.40,0
19-Oct-12,-,-,-,3.18,0
18-Oct-12,-,-,-,3.00,0
17-Oct-12,-,-,-,3.18,0
16-Oct-12,-,-,-,3.00,0
15-Oct-12,-,-,-,3.03,0
12-Oct-12,-,-,-,3.37,0
11-Oct-12,-,-,-,3.30,0
10-Oct-12,-,-,-,3.25,0
9-Oct-12,-,-,-,3.38,0
8-Oct-12,-,-,-,3.68,0
5-Oct-12,-,-,-,3.45,0
4-Oct-12,-,-,-,3.42,0
3-Oct-12,-,-,-,3.50,0
2-Oct-12,-,-,-,3.65,0
1-Oct-12,-,-,-,3.42,0
28-Sep-12,-,-,-,3.41,0
27-Sep-12,-,-,-,3.38,0
26-Sep-12,-,-,-,3.26,0
25-Sep-12,-,-,-,3.30,0
24-Sep-12,-,-,-,3.30,0
21-Sep-12,-,-,-,3.45,0
20-Sep-12,-,-,-,3.52,0
19-Sep-12,-,-,-,3.70,0
18-Sep-12,-,-,-,3.70,0
17-Sep-12,-,-,-,3.72,0
14-Sep-12,-,-,-,3.62,0
13-Sep-12,-,-,-,3.38,0
12-Sep-12,-,-,-,3.53,0
11-Sep-12,-,-,-,3.62,0
10-Sep-12,-,-,-,3.65,0
7-Sep-12,-,-,-,3.72,0
6-Sep-12,-,-,-,3.79,0
5-Sep-12,-,-,-,3.90,0
4-Sep-12,-,-,-,3.55,0
3-Sep-12,-,-,-,3.75,0
31-Aug-12,-,-,-,3.50,0
30-Aug-12,-,-,-,3.56,0
29-Aug-12,-,-,-,3.84,0
28-Aug-12,-,-,-,3.88,0
24-Aug-12,-,-,-,3.77,0
23-Aug-12,-,-,-,3.90,0
22-Aug-12,-,-,-,3.80,0
21-Aug-12,-,-,-,3.95,0
20-Aug-12,-,-,-,3.80,0
17-Aug-12,-,-,-,3.88,0
16-Aug-12,-,-,-,4.00,0
15-Aug-12,-,-,-,4.14,0
14-Aug-12,-,-,-,4.28,0
13-Aug-12,-,-,-,3.59,0
10-Aug-12,-,-,-,2.97,0
9-Aug-12,-,-,-,2.82,0
8-Aug-12,-,-,-,2.85,0
7-Aug-12,-,-,-,3.05,0
6-Aug-12,-,-,-,3.05,0
3-Aug-12,-,-,-,3.05,0
2-Aug-12,-,-,-,3.15,0
1-Aug-12,-,-,-,3.05,0
31-Jul-12,-,-,-,3.05,0
30-Jul-12,-,-,-,3.06,0
27-Jul-12,-,-,-,3.17,0
26-Jul-12,-,-,-,3.00,0
25-Jul-12,-,-,-,3.00,0
24-Jul-12,-,-,-,3.02,0
23-Jul-12,-,-,-,3.05,0
20-Jul-12,-,-,-,3.33,0
19-Jul-12,-,-,-,3.35,0
18-Jul-12,-,-,-,3.31,0
17-Jul-12,-,-,-,3.38,0
16-Jul-12,-,-,-,3.57,0
13-Jul-12,-,-,-,3.36,0
12-Jul-12,-,-,-,3.50,0
11-Jul-12,-,-,-,3.36,0
10-Jul-12,-,-,-,3.57,0
9-Jul-12,-,-,-,3.33,0
6-Jul-12,-,-,-,3.31,0
5-Jul-12,-,-,-,3.55,0
4-Jul-12,-,-,-,3.53,0
3-Jul-12,-,-,-,3.50,0
2-Jul-12,-,-,-,3.50,0
29-Jun-12,-,-,-,3.41,0
28-Jun-12,-,-,-,3.50,0
27-Jun-12,-,-,-,3.25,0
26-Jun-12,-,-,-,3.02,0
25-Jun-12,-,-,-,3.11,0
22-Jun-12,-,-,-,3.26,0
21-Jun-12,-,-,-,3.28,0
20-Jun-12,-,-,-,3.38,0
19-Jun-12,-,-,-,3.50,0
18-Jun-12,-,-,-,3.27,0
15-Jun-12,-,-,-,3.27,0
14-Jun-12,-,-,-,3.26,0
13-Jun-12,-,-,-,3.50,0
12-Jun-12,-,-,-,3.64,0
11-Jun-12,-,-,-,3.60,0
8-Jun-12,-,-,-,3.60,0
7-Jun-12,-,-,-,3.30,0
6-Jun-12,-,-,-,3.62,0
1-Jun-12,-,-,-,3.40,0
31-May-12,-,-,-,3.50,0
30-May-12,-,-,-,3.65,0
29-May-12,-,-,-,3.50,0
28-May-12,-,-,-,3.73,0
25-May-12,-,-,-,3.85,0
24-May-12,-,-,-,3.85,0
23-May-12,-,-,-,3.75,0
22-May-12,-,-,-,3.75,0
21-May-12,-,-,-,3.66,0
18-May-12,-,-,-,3.58,0
17-May-12,-,-,-,3.75,0
16-May-12,-,-,-,3.96,0
15-May-12,-,-,-,4.00,0
14-May-12,-,-,-,4.05,0
11-May-12,-,-,-,4.40,0
10-May-12,-,-,-,4.56,0
9-May-12,-,-,-,4.42,0
8-May-12,-,-,-,4.82,0
4-May-12,-,-,-,4.85,0
3-May-12,-,-,-,5.15,0
2-May-12,-,-,-,4.90,0
1-May-12,-,-,-,4.90,0
30-Apr-12,-,-,-,4.56,0
27-Apr-12,-,-,-,4.60,0
26-Apr-12,-,-,-,4.53,0
25-Apr-12,-,-,-,4.50,0
24-Apr-12,-,-,-,4.68,0
23-Apr-12,-,-,-,4.70,0
20-Apr-12,-,-,-,4.78,0
19-Apr-12,-,-,-,4.85,0
18-Apr-12,-,-,-,5.00,0
17-Apr-12,-,-,-,4.99,0
16-Apr-12,-,-,-,4.85,0
13-Apr-12,-,-,-,5.00,0
12-Apr-12,-,-,-,5.02,0
11-Apr-12,-,-,-,4.25,0
10-Apr-12,-,-,-,4.00,0
5-Apr-12,-,-,-,3.82,0
4-Apr-12,-,-,-,3.95,0
3-Apr-12,-,-,-,4.29,0
2-Apr-12,-,-,-,4.15,0
30-Mar-12,-,-,-,4.00,0
29-Mar-12,-,-,-,4.05,0
28-Mar-12,-,-,-,4.17,0
27-Mar-12,-,-,-,4.30,0
26-Mar-12,-,-,-,4.50,0
23-Mar-12,-,-,-,4.62,0
22-Mar-12,-,-,-,4.62,0
21-Mar-12,-,-,-,4.75,0
20-Mar-12,-,-,-,4.84,0
19-Mar-12,-,-,-,4.84,0
16-Mar-12,-,-,-,4.92,0
15-Mar-12,-,-,-,4.95,0
14-Mar-12,-,-,-,5.08,0
13-Mar-12,-,-,-,4.85,0
12-Mar-12,-,-,-,5.14,0
9-Mar-12,-,-,-,5.10,0
8-Mar-12,-,-,-,5.22,0
7-Mar-12,-,-,-,5.08,0
6-Mar-12,-,-,-,5.25,0
5-Mar-12,-,-,-,5.25,0
2-Mar-12,-,-,-,5.40,0
1-Mar-12,-,-,-,5.40,0
29-Feb-12,-,-,-,5.20,0
28-Feb-12,-,-,-,5.20,0
27-Feb-12,-,-,-,5.18,0
24-Feb-12,-,-,-,5.12,0
23-Feb-12,-,-,-,5.19,0
22-Feb-12,-,-,-,5.20,0
21-Feb-12,-,-,-,5.50,0
20-Feb-12,-,-,-,5.35,0
17-Feb-12,-,-,-,5.62,0
16-Feb-12,-,-,-,5.39,0
15-Feb-12,-,-,-,5.08,0
14-Feb-12,-,-,-,5.20,0
13-Feb-12,-,-,-,5.00,0
10-Feb-12,5.10,5.38,5.10,5.25,1008106
9-Feb-12,5.12,5.42,5.12,5.40,407558
8-Feb-12,5.20,5.42,5.18,5.25,107082
7-Feb-12,5.66,5.66,5.10,5.44,489731
6-Feb-12,5.34,5.70,5.12,5.30,753141
3-Feb-12,5.35,5.40,5.18,5.40,179937
2-Feb-12,5.10,5.28,5.10,5.15,251593
1-Feb-12,5.20,5.45,5.20,5.45,97797
31-Jan-12,5.42,0.00,5.27,5.30,263771
30-Jan-12,5.65,5.65,5.28,5.65,507358
27-Jan-12,5.40,5.75,5.40,5.42,892649
26-Jan-12,4.88,5.47,4.75,5.32,1969011
25-Jan-12,4.95,5.00,4.88,4.88,395777
24-Jan-12,5.12,5.18,4.81,4.92,1173339
23-Jan-12,5.11,5.25,4.95,5.00,241696
20-Jan-12,5.18,5.20,4.84,5.20,1286684
19-Jan-12,5.33,0.00,5.05,5.25,496601
18-Jan-12,5.32,5.40,5.25,5.40,252995
17-Jan-12,5.34,0.00,5.27,5.28,229349
16-Jan-12,5.33,5.38,5.33,5.38,332331
13-Jan-12,5.25,5.45,5.10,5.33,814628
12-Jan-12,5.40,5.40,5.25,5.26,1447116
11-Jan-12,5.28,5.50,5.28,5.28,593067
10-Jan-12,5.68,0.00,5.28,5.45,1043027
9-Jan-12,5.70,6.10,0.00,5.68,645917
6-Jan-12,5.22,5.70,5.22,5.70,546869
5-Jan-12,5.15,5.50,5.10,5.50,292777
4-Jan-12,5.45,5.45,5.15,5.15,89554
3-Jan-12,5.03,5.47,4.86,5.45,2032092
30-Dec-11,4.86,5.05,4.82,4.83,257287
29-Dec-11,5.08,5.32,5.00,5.00,952485
28-Dec-11,5.08,5.40,5.02,5.40,773577
23-Dec-11,-,-,-,5.48,0
22-Dec-11,5.02,5.17,5.02,5.15,364045
21-Dec-11,5.32,0.00,5.00,5.17,299177
20-Dec-11,5.10,5.40,5.09,5.40,507164
19-Dec-11,5.55,0.00,5.02,5.05,1195929
16-Dec-11,5.74,5.74,5.55,5.55,405357
15-Dec-11,5.89,5.89,5.35,5.58,2068059
14-Dec-11,6.30,0.00,5.75,5.75,1825021
13-Dec-11,6.62,6.62,6.28,6.55,312973
12-Dec-11,6.40,6.90,6.30,6.59,2335265
9-Dec-11,6.40,6.50,6.23,6.44,743467
8-Dec-11,5.68,6.44,5.68,6.22,4123271
7-Dec-11,5.08,5.35,5.08,5.30,135355
6-Dec-11,5.49,0.00,5.06,5.25,353279
5-Dec-11,5.60,0.00,5.26,5.55,190498
2-Dec-11,5.60,0.00,5.57,5.57,148796
1-Dec-11,5.63,5.82,5.50,5.60,1081993
30-Nov-11,5.32,5.82,0.00,5.82,851927
29-Nov-11,5.13,5.13,0.00,5.13,16250
28-Nov-11,5.06,5.20,5.06,5.13,287211
25-Nov-11,5.06,5.14,5.00,5.12,351655
24-Nov-11,5.06,5.30,5.06,5.16,210112
23-Nov-11,5.42,5.62,5.25,5.34,668738
22-Nov-11,5.75,5.75,5.35,5.75,422592
21-Nov-11,5.05,5.90,5.05,5.68,1565151
18-Nov-11,5.15,0.00,5.10,5.35,450330
17-Nov-11,5.50,5.50,5.30,5.44,470137
16-Nov-11,5.50,5.58,5.33,5.36,390737
15-Nov-11,5.88,5.88,0.00,5.55,788290
14-Nov-11,5.12,5.45,5.12,5.39,384713
11-Nov-11,5.20,5.25,5.03,5.22,374044
10-Nov-11,5.20,0.00,4.92,5.11,111059
9-Nov-11,5.52,0.00,5.15,5.29,1004123
8-Nov-11,5.58,5.69,5.50,5.50,633230
7-Nov-11,5.92,5.92,5.50,5.60,2152627
4-Nov-11,5.92,6.00,5.62,6.00,1060812
3-Nov-11,5.64,5.92,5.53,5.92,350787
2-Nov-11,6.02,6.03,5.50,5.55,727371
1-Nov-11,5.81,6.15,5.81,5.81,115133
31-Oct-11,5.83,6.01,5.68,6.01,107027
28-Oct-11,6.00,0.00,5.61,5.66,790990
27-Oct-11,5.60,6.15,5.60,6.00,1516977
26-Oct-11,5.75,0.00,5.75,5.85,309044
25-Oct-11,6.18,6.18,5.75,5.83,769877
24-Oct-11,5.65,6.00,0.00,5.99,1236132
21-Oct-11,5.36,5.60,0.00,5.60,261997
20-Oct-11,5.37,0.00,5.25,5.40,306983
19-Oct-11,5.38,0.00,5.38,5.38,208304
18-Oct-11,5.75,0.00,5.12,5.39,1251475
17-Oct-11,6.10,6.38,6.00,6.00,867222
14-Oct-11,5.70,6.71,5.45,6.39,2116926
13-Oct-11,5.25,5.70,0.00,5.62,1755085
12-Oct-11,4.83,5.10,4.75,5.01,735978
11-Oct-11,4.95,5.08,4.95,5.08,151562
10-Oct-11,5.20,5.25,4.81,4.98,398232
7-Oct-11,5.12,5.25,5.00,5.22,1174873
6-Oct-11,4.75,5.22,0.00,5.12,758638
5-Oct-11,4.70,4.75,4.55,4.75,1559429
4-Oct-11,5.20,0.00,4.25,4.50,1229077
3-Oct-11,5.30,5.30,5.00,5.05,177596
30-Sep-11,5.12,5.25,5.00,5.10,228588
29-Sep-11,5.27,0.00,5.20,5.25,273407
28-Sep-11,5.30,5.50,0.00,5.30,580887
27-Sep-11,5.12,5.60,5.01,5.52,2045655
26-Sep-11,5.94,5.94,5.00,5.75,1568467
23-Sep-11,6.15,6.15,5.75,5.92,874517
22-Sep-11,6.53,0.00,6.00,6.00,1928523
21-Sep-11,6.75,0.00,6.75,6.78,150000
20-Sep-11,6.81,0.00,6.75,6.75,127011
19-Sep-11,7.00,7.00,6.80,6.81,109644
16-Sep-11,7.16,7.16,6.85,6.86,716577
15-Sep-11,6.50,7.17,0.00,7.17,1073121
14-Sep-11,6.30,0.00,6.30,6.33,407576
13-Sep-11,6.31,6.55,6.31,6.55,19000
12-Sep-11,6.56,0.00,6.00,6.32,360726
9-Sep-11,6.75,6.75,6.56,6.56,43878
8-Sep-11,6.77,6.77,0.00,6.77,187000
7-Sep-11,6.78,0.00,6.50,6.56,665966
6-Sep-11,6.77,7.00,0.00,6.85,209863
5-Sep-11,6.87,6.87,6.52,6.52,175314
2-Sep-11,6.75,7.00,6.58,7.00,382056
1-Sep-11,7.10,7.14,6.90,7.00,312778
31-Aug-11,6.95,7.15,6.80,6.92,446661
30-Aug-11,6.62,7.01,6.62,6.85,880196
26-Aug-11,-,-,-,6.64,0
25-Aug-11,6.64,6.64,6.40,6.61,155463
24-Aug-11,6.44,6.64,6.30,6.64,475504
23-Aug-11,6.62,0.00,0.00,6.50,27402
22-Aug-11,6.82,6.88,6.55,6.74,231711
19-Aug-11,6.80,6.88,6.75,6.82,100886
18-Aug-11,7.08,0.00,6.31,6.80,408714
17-Aug-11,7.08,7.34,6.75,6.84,685876
16-Aug-11,7.16,0.00,7.00,7.04,307361
15-Aug-11,7.16,7.40,7.02,7.02,831253
12-Aug-11,7.20,7.20,0.00,7.07,334163
11-Aug-11,7.00,7.20,6.40,7.00,1453778
10-Aug-11,6.25,6.75,6.05,6.50,1159633
9-Aug-11,5.53,6.25,5.30,6.05,1267211
8-Aug-11,6.00,6.35,5.58,5.72,1551526
5-Aug-11,6.20,0.00,6.00,6.22,1162570
4-Aug-11,7.10,7.25,6.36,6.55,1315678
3-Aug-11,7.26,7.38,7.05,7.06,907316
2-Aug-11,7.25,7.50,7.25,7.50,355616
1-Aug-11,7.45,7.45,7.25,7.40,486281
29-Jul-11,7.44,7.44,7.32,7.44,269128
28-Jul-11,7.25,7.50,7.25,7.32,1006742
27-Jul-11,7.44,7.44,7.26,7.39,491118
26-Jul-11,7.60,7.75,7.30,7.43,812941
25-Jul-11,7.88,8.06,7.50,7.60,899044
22-Jul-11,8.05,8.06,7.88,7.88,173717
21-Jul-11,8.08,8.08,7.86,8.05,185437
20-Jul-11,8.03,8.09,7.32,8.09,1792265
19-Jul-11,8.16,8.16,7.86,8.00,909472
18-Jul-11,8.16,8.35,8.00,8.16,252834
15-Jul-11,8.20,8.39,8.15,8.38,325173
14-Jul-11,8.29,8.38,8.00,8.30,854500
13-Jul-11,8.55,8.55,8.28,8.29,207546
12-Jul-11,8.56,0.00,8.35,8.50,1124660
11-Jul-11,8.56,8.69,8.50,8.53,399522
8-Jul-11,8.56,8.70,8.53,8.67,133172
7-Jul-11,8.56,8.75,8.55,8.56,363964
6-Jul-11,8.77,8.94,8.75,8.75,226688
5-Jul-11,9.00,0.00,8.75,8.80,504342
4-Jul-11,8.88,9.25,8.88,9.04,465096
1-Jul-11,8.86,9.20,0.00,8.88,920440
30-Jun-11,8.45,9.12,0.00,9.02,1961685
29-Jun-11,8.34,8.45,8.30,8.34,642068
28-Jun-11,8.39,8.45,8.34,8.42,112296
27-Jun-11,8.52,0.00,8.30,8.39,809543
24-Jun-11,8.53,8.80,8.52,8.75,629542
23-Jun-11,8.84,0.00,8.53,8.60,628767
22-Jun-11,8.96,9.12,8.82,8.84,120009
21-Jun-11,8.59,8.96,8.59,8.96,807020
20-Jun-11,9.42,9.42,8.50,8.55,3014914
17-Jun-11,8.94,0.00,0.00,9.11,2101460
16-Jun-11,9.50,0.00,0.00,8.94,3712328
15-Jun-11,9.77,0.00,0.00,9.50,1570499
14-Jun-11,9.88,0.00,0.00,9.84,237563
13-Jun-11,10.12,0.00,0.00,9.99,446686
10-Jun-11,9.95,0.00,0.00,9.98,230630
9-Jun-11,9.88,0.00,0.00,9.95,147620
8-Jun-11,9.91,0.00,0.00,9.87,485164
7-Jun-11,9.83,0.00,0.00,9.88,575324
6-Jun-11,9.90,0.00,0.00,10.00,556220
3-Jun-11,10.05,0.00,0.00,10.00,995557
2-Jun-11,10.07,0.00,0.00,10.05,335135
1-Jun-11,10.25,0.00,0.00,10.11,938257
31-May-11,10.51,0.00,0.00,10.25,772195
27-May-11,10.67,0.00,0.00,10.50,882371
26-May-11,10.38,0.00,0.00,10.65,1742343
25-May-11,10.06,0.00,0.00,10.06,166972
24-May-11,10.29,0.00,0.00,10.25,1793490
23-May-11,10.51,0.00,0.00,10.50,27355
20-May-11,10.75,0.00,0.00,10.45,344539
19-May-11,10.76,0.00,0.00,10.80,425229
18-May-11,10.89,0.00,0.00,10.85,471108
17-May-11,10.95,0.00,0.00,10.89,535954
16-May-11,10.95,0.00,0.00,11.15,192131
13-May-11,10.75,0.00,0.00,10.62,1004142
12-May-11,10.75,0.00,0.00,11.00,1404537
11-May-11,10.75,0.00,0.00,10.75,763259
10-May-11,11.10,0.00,0.00,10.80,1120202
9-May-11,11.43,0.00,0.00,11.08,1340585
6-May-11,10.75,0.00,0.00,10.75,3134556
5-May-11,11.08,0.00,0.00,10.75,1204764
4-May-11,11.42,0.00,0.00,11.00,3898364
3-May-11,11.00,0.00,0.00,11.40,5180426
28-Apr-11,-,-,-,10.32,0
27-Apr-11,9.66,0.00,0.00,10.34,3459142
26-Apr-11,9.84,0.00,0.00,9.55,5451012
21-Apr-11,-,-,-,9.72,0
20-Apr-11,9.78,0.00,0.00,9.75,2779696
19-Apr-11,10.03,0.00,0.00,9.95,1051132
18-Apr-11,10.29,0.00,0.00,10.02,1500266
15-Apr-11,10.42,0.00,0.00,10.42,537210
14-Apr-11,10.60,0.00,0.00,10.43,461394
13-Apr-11,10.57,0.00,0.00,10.40,2150000
12-Apr-11,10.85,0.00,0.00,10.53,1202586
11-Apr-11,11.26,0.00,0.00,10.85,2291250
8-Apr-11,11.06,0.00,0.00,11.05,563706
7-Apr-11,11.19,0.00,0.00,11.15,1688808
6-Apr-11,11.19,0.00,0.00,11.25,3225746
5-Apr-11,10.80,0.00,0.00,11.16,1289188
4-Apr-11,10.86,0.00,0.00,11.14,2001924
1-Apr-11,11.00,0.00,0.00,10.85,999660
31-Mar-11,11.08,0.00,0.00,11.02,1511420
30-Mar-11,11.20,0.00,0.00,11.03,3131518
29-Mar-11,11.10,0.00,0.00,11.00,1296610
28-Mar-11,11.07,0.00,0.00,11.15,1030690
25-Mar-11,11.30,0.00,0.00,11.25,2393388
24-Mar-11,11.29,0.00,0.00,11.24,933044
23-Mar-11,11.36,0.00,0.00,11.30,1122114
22-Mar-11,11.24,0.00,0.00,11.35,3035768
21-Mar-11,10.85,0.00,0.00,11.25,3072018
18-Mar-11,10.18,0.00,0.00,10.92,2056676
17-Mar-11,9.88,0.00,0.00,10.09,1039420
16-Mar-11,9.70,0.00,0.00,10.00,1918163
15-Mar-11,10.12,0.00,0.00,9.25,5950462
14-Mar-11,10.38,0.00,0.00,10.33,2715704
11-Mar-11,10.88,0.00,0.00,10.40,2184722
10-Mar-11,11.38,0.00,0.00,11.25,2064479
9-Mar-11,11.12,0.00,0.00,11.30,2343088
8-Mar-11,10.88,0.00,0.00,11.20,2359591
7-Mar-11,10.75,0.00,0.00,11.00,2254868
4-Mar-11,10.75,0.00,0.00,10.90,2182894
3-Mar-11,11.12,0.00,0.00,10.60,4025348
2-Mar-11,11.38,0.00,0.00,10.90,3072976
1-Mar-11,11.12,0.00,0.00,11.40,36787509
28-Feb-11,10.38,0.00,0.00,11.20,37195989
25-Feb-11,11.38,0.00,0.00,10.12,294489073
24-Feb-11,11.88,0.00,0.00,11.50,13388672
23-Feb-11,11.50,0.00,0.00,12.00,3502744
22-Feb-11,11.88,0.00,0.00,11.78,2936568
21-Feb-11,12.12,0.00,0.00,11.79,3847034
18-Feb-11,12.25,0.00,0.00,12.00,3558816
17-Feb-11,12.38,0.00,0.00,12.00,1401760
16-Feb-11,12.50,0.00,0.00,12.42,2724356
15-Feb-11,12.50,0.00,0.00,12.25,2253254
14-Feb-11,12.50,0.00,0.00,12.75,1778918
11-Feb-11,12.75,12.62,12.28,12.50,1185093
10-Feb-11,12.75,13.00,12.50,12.50,838835
9-Feb-11,12.75,12.84,12.50,12.55,598547
8-Feb-11,12.75,13.00,12.50,12.56,811653
7-Feb-11,13.25,13.50,12.50,12.79,2019733
4-Feb-11,13.00,13.00,12.75,12.86,963183
3-Feb-11,12.25,13.25,12.12,12.75,3130249
2-Feb-11,12.25,12.25,12.00,12.20,2125040
1-Feb-11,12.25,12.30,12.00,12.04,1414193
31-Jan-11,12.50,12.50,11.25,12.05,853955
28-Jan-11,12.50,12.75,12.25,12.38,929744
27-Jan-11,12.50,12.75,12.30,12.45,810083
26-Jan-11,12.50,12.61,12.30,12.60,653006
25-Jan-11,12.75,12.64,12.25,12.58,988276
24-Jan-11,13.00,12.95,12.25,12.50,2523860
21-Jan-11,13.25,13.25,12.75,12.80,2481984
20-Jan-11,13.75,13.75,13.00,13.00,1721772
19-Jan-11,13.25,13.70,13.00,13.00,1777252
18-Jan-11,13.00,13.50,12.92,13.29,4280267
17-Jan-11,13.75,13.75,12.00,13.00,2753279
14-Jan-11,14.25,14.72,13.50,14.00,8191984
13-Jan-11,13.00,14.50,12.89,14.30,6695781
12-Jan-11,12.50,13.18,12.37,13.07,3736287
11-Jan-11,12.75,12.62,12.25,12.29,2468641
10-Jan-11,13.25,13.18,12.50,12.60,4814562
7-Jan-11,13.50,14.25,12.88,13.25,4082943
6-Jan-11,12.25,13.50,12.05,13.47,13990193
5-Jan-11,11.75,12.25,11.25,11.50,6010475
4-Jan-11,11.25,11.75,11.00,11.70,21581657
31-Dec-10,11.25,11.25,11.03,11.08,618634
30-Dec-10,10.75,11.20,10.53,11.20,2097739
29-Dec-10,10.75,10.75,10.25,10.55,2087393
24-Dec-10,-,-,-,10.60,0
23-Dec-10,10.75,10.90,10.50,10.79,1862545
22-Dec-10,11.00,11.10,10.25,10.79,1697037
21-Dec-10,11.25,11.14,10.75,11.10,762332
20-Dec-10,11.25,11.14,11.00,11.00,483890
17-Dec-10,11.75,11.59,10.77,11.05,2372286
16-Dec-10,11.25,11.80,11.10,11.50,2969686
15-Dec-10,11.50,11.69,11.00,11.50,1222348
14-Dec-10,11.00,11.50,10.56,11.46,1215068
13-Dec-10,11.25,11.32,10.80,10.95,663241
10-Dec-10,11.50,11.71,10.75,11.00,1548300
9-Dec-10,11.00,12.00,10.50,11.32,4817567
8-Dec-10,11.25,11.25,10.75,11.00,1530464
7-Dec-10,11.00,11.22,10.75,11.00,1455703
6-Dec-10,11.00,11.25,10.75,11.18,2525075
3-Dec-10,10.25,11.23,10.15,11.23,1944112
2-Dec-10,10.75,10.88,10.00,10.02,1595023
1-Dec-10,11.00,10.90,10.75,10.75,818552
30-Nov-10,11.50,11.35,10.75,10.85,938059
29-Nov-10,11.25,11.70,11.02,11.25,1828736
26-Nov-10,11.00,11.20,10.78,11.20,653021
25-Nov-10,11.25,11.37,10.75,10.85,373834
24-Nov-10,11.00,11.40,10.84,11.10,796990
23-Nov-10,11.50,11.45,10.25,11.25,5966669
22-Nov-10,11.25,12.00,11.00,11.25,3481476
19-Nov-10,10.50,11.25,10.30,11.25,3017740
18-Nov-10,10.50,10.50,10.25,10.39,1088667
17-Nov-10,10.75,10.68,10.25,10.50,1238047
16-Nov-10,11.75,11.70,10.50,11.25,1998452
15-Nov-10,11.75,12.12,11.04,11.53,3924155
12-Nov-10,10.75,12.00,10.82,11.58,4776271
11-Nov-10,11.00,11.15,10.50,11.00,2279828
10-Nov-10,10.25,11.25,10.31,10.75,5967293
9-Nov-10,9.38,10.46,9.32,10.32,7555644
8-Nov-10,9.12,10.25,9.12,9.44,4890854
5-Nov-10,9.50,9.61,9.00,9.25,3526259
4-Nov-10,9.62,9.88,9.00,9.45,1547920
3-Nov-10,9.62,9.75,8.75,9.50,544772
2-Nov-10,9.75,9.94,9.50,9.51,1503182
1-Nov-10,9.88,10.00,9.25,9.62,1016207
29-Oct-10,9.88,10.25,9.75,9.85,2831702
28-Oct-10,9.75,9.85,9.53,9.61,744943
27-Oct-10,10.25,10.12,9.75,9.84,1089932
26-Oct-10,10.25,10.25,10.00,10.00,1449722
25-Oct-10,10.50,10.75,10.01,10.18,895503
22-Oct-10,11.00,10.85,10.25,10.75,1049169
21-Oct-10,9.88,11.50,9.77,10.00,5513414
20-Oct-10,10.00,10.10,9.75,9.77,505499
19-Oct-10,10.00,10.25,9.75,9.78,875754
18-Oct-10,9.88,10.16,9.79,10.11,1142500
15-Oct-10,10.00,10.14,9.75,9.95,946515
14-Oct-10,9.88,10.15,9.75,10.00,7902297
13-Oct-10,10.00,10.08,9.50,9.68,937493
12-Oct-10,10.25,10.18,9.75,9.78,1159306
11-Oct-10,10.50,10.42,10.04,10.25,1351839
8-Oct-10,10.50,10.48,10.25,10.42,696039
7-Oct-10,10.50,10.53,10.25,10.25,998140
6-Oct-10,10.75,10.77,10.25,10.28,1358458
5-Oct-10,11.00,10.90,10.00,10.50,4818160
4-Oct-10,12.75,13.00,10.76,10.88,6867799
1-Oct-10,12.00,12.48,11.75,12.30,3470857
30-Sep-10,11.25,12.50,11.31,12.18,5846507
29-Sep-10,10.25,11.44,10.12,11.37,3970226
28-Sep-10,10.25,10.50,9.86,9.86,1349055
27-Sep-10,9.50,10.50,9.35,10.08,5950670
24-Sep-10,9.25,9.75,9.00,9.72,3781885
23-Sep-10,10.25,10.50,8.75,9.50,5389992
22-Sep-10,8.12,11.00,6.50,9.06,15318726
21-Sep-10,8.12,8.20,8.00,8.03,651489
20-Sep-10,8.12,8.25,8.00,8.11,257416
17-Sep-10,8.38,8.29,8.03,8.10,570545
16-Sep-10,8.38,8.30,8.25,8.30,359176
15-Sep-10,8.38,8.45,8.25,8.33,803017
14-Sep-10,8.38,8.40,8.01,8.28,1303554
13-Sep-10,8.38,8.55,8.26,8.29,512183
10-Sep-10,8.62,8.53,8.25,8.50,905710
9-Sep-10,8.62,8.70,8.50,8.50,539799
8-Sep-10,8.88,8.75,8.30,8.55,947519
7-Sep-10,8.88,9.00,8.75,8.75,950370
6-Sep-10,9.08,9.20,8.75,8.75,696396
3-Sep-10,8.82,9.25,8.80,9.06,5395285
2-Sep-10,8.25,8.90,8.11,8.75,7071617
1-Sep-10,8.12,8.40,7.80,8.38,1126073
31-Aug-10,8.12,8.05,7.55,8.00,1272011
27-Aug-10,8.25,8.25,7.75,8.05,920337
26-Aug-10,8.25,8.44,8.15,8.29,466169
25-Aug-10,8.25,8.45,8.15,8.25,832821
24-Aug-10,8.75,8.75,8.00,8.28,2458004
23-Aug-10,9.12,9.05,8.50,8.77,862876
20-Aug-10,9.25,9.22,9.00,9.00,1051335
19-Aug-10,9.12,9.25,9.00,9.12,1331626
18-Aug-10,9.38,9.25,9.02,9.05,300781
17-Aug-10,9.62,9.87,9.25,9.35,2624965
16-Aug-10,9.62,9.88,9.28,9.44,1629657
13-Aug-10,9.62,9.75,9.25,9.50,401803
12-Aug-10,9.50,10.00,9.31,9.31,1093719
11-Aug-10,9.62,9.58,9.28,9.31,673692
10-Aug-10,9.62,9.72,9.50,9.50,494332
9-Aug-10,9.88,9.85,9.25,9.85,1672389
6-Aug-10,9.88,9.80,9.50,9.50,637264
5-Aug-10,10.00,10.05,9.75,9.75,510513
4-Aug-10,9.75,10.20,9.36,9.75,1369074
3-Aug-10,9.88,9.90,9.25,9.75,947132
2-Aug-10,9.88,10.25,9.60,9.60,777466
30-Jul-10,9.88,10.15,9.65,9.66,740441
29-Jul-10,9.88,10.20,9.50,9.88,735283
28-Jul-10,9.75,10.00,9.58,9.80,917088
27-Jul-10,10.00,10.00,9.78,9.88,566806
26-Jul-10,10.00,10.08,9.82,9.88,444619
23-Jul-10,10.25,10.20,9.75,10.00,694958
22-Jul-10,10.00,10.15,9.78,10.00,771285
21-Jul-10,9.88,10.12,9.75,10.00,817015
20-Jul-10,10.25,10.36,9.75,9.82,991992
19-Jul-10,10.50,10.62,10.00,10.36,1220930
16-Jul-10,10.50,10.38,9.87,10.25,1320681
15-Jul-10,10.75,10.90,10.25,10.25,1067963
14-Jul-10,10.50,10.90,10.25,10.90,496199
13-Jul-10,10.75,10.70,10.25,10.47,611184
12-Jul-10,10.00,11.00,9.92,10.74,2130757
9-Jul-10,10.25,10.25,8.88,10.00,1384287
8-Jul-10,10.50,10.34,10.00,10.10,615973
7-Jul-10,10.50,10.35,10.00,10.25,765943
6-Jul-10,10.75,10.74,10.00,10.25,1415680
5-Jul-10,10.75,11.00,10.52,10.52,731614
2-Jul-10,10.75,11.38,10.58,10.58,1595663
1-Jul-10,11.25,11.25,10.35,10.75,1642673
30-Jun-10,11.25,11.50,10.90,11.15,1563599
29-Jun-10,11.50,11.60,10.50,10.91,1073009
28-Jun-10,11.50,11.60,11.26,11.28,366710
25-Jun-10,11.75,11.81,11.32,11.70,1242620
24-Jun-10,11.75,12.10,11.50,11.91,848931
23-Jun-10,12.25,12.05,11.48,11.70,657289
22-Jun-10,12.50,13.25,11.75,12.50,6905596
21-Jun-10,12.75,12.65,11.85,11.85,619752
18-Jun-10,12.00,12.95,12.05,12.25,3008717
17-Jun-10,11.75,12.25,11.55,12.00,2715893
16-Jun-10,11.75,11.75,11.55,11.75,515308
15-Jun-10,12.00,12.00,11.40,11.75,653944
14-Jun-10,11.75,12.50,11.25,11.75,952493
11-Jun-10,11.75,11.75,10.75,11.36,1634721
10-Jun-10,12.00,11.82,11.50,11.50,871658
9-Jun-10,12.25,12.00,11.75,11.75,974972
8-Jun-10,12.00,12.25,11.80,12.00,817168
7-Jun-10,12.50,12.60,11.00,12.00,2223952
4-Jun-10,13.00,13.62,12.00,12.65,1949505
3-Jun-10,14.50,14.65,12.50,13.50,2191969
2-Jun-10,15.50,15.75,14.00,14.40,2949004
1-Jun-10,15.25,16.75,14.50,15.50,7931294
28-May-10,13.00,14.85,13.25,13.88,4541970
27-May-10,11.50,13.50,11.40,12.85,4483692
26-May-10,11.00,11.75,10.75,11.50,3024915
25-May-10,11.75,11.62,10.00,11.00,4540030
24-May-10,11.50,11.95,11.38,11.65,1985792
21-May-10,11.50,11.62,10.65,11.62,2522769
20-May-10,11.25,11.59,11.04,11.25,1245584
19-May-10,13.00,12.88,11.00,11.00,2132435
18-May-10,12.75,13.25,12.67,13.13,719053
17-May-10,13.00,14.50,12.50,13.00,3873606
14-May-10,13.25,13.75,12.50,12.60,2002878
13-May-10,12.25,13.50,12.26,12.88,4848801
11-May-10,11.25,11.09,10.50,10.80,2428511
10-May-10,11.25,11.65,10.26,11.00,4172191
7-May-10,11.00,11.50,10.25,11.00,4697884
6-May-10,11.25,11.35,10.80,10.95,1926357
5-May-10,12.00,12.00,11.00,11.00,2583610
4-May-10,13.00,12.90,12.00,12.00,2329765
30-Apr-10,13.50,13.43,12.75,12.95,1323648
29-Apr-10,13.25,13.75,12.88,13.00,1480061
28-Apr-10,13.50,14.00,12.02,13.25,4091349
27-Apr-10,13.75,13.70,13.25,13.37,826607
26-Apr-10,14.00,13.85,13.12,13.85,2781000
23-Apr-10,14.25,14.32,13.50,14.04,2937853
22-Apr-10,15.25,15.30,14.00,14.00,1496405
21-Apr-10,14.75,16.50,14.80,15.20,5326447
16-Apr-10,14.75,14.65,14.00,14.50,3082093
15-Apr-10,14.25,15.00,14.25,14.55,4667536
14-Apr-10,14.50,14.88,14.00,14.00,2300217
13-Apr-10,14.75,14.88,14.00,14.40,15241016
12-Apr-10,15.25,15.25,14.50,14.75,2432181
9-Apr-10,15.50,16.00,14.50,15.58,2865364
8-Apr-10,16.00,16.75,15.00,15.43,3879357
7-Apr-10,14.25,16.48,14.25,16.00,4686674
6-Apr-10,15.25,15.30,13.25,14.50,5839729
1-Apr-10,16.50,16.62,14.61,16.30,3501284
31-Mar-10,17.00,17.75,15.55,16.62,4054093
30-Mar-10,16.00,18.00,14.75,15.95,41181936
29-Mar-10,15.25,20.15,15.20,20.00,17499854
26-Mar-10,12.75,16.00,12.50,15.25,13847718
25-Mar-10,11.00,12.75,10.97,12.25,13302316
24-Mar-10,9.38,11.00,9.25,11.00,4677085
23-Mar-10,8.38,9.50,8.36,9.32,3301392
22-Mar-10,8.12,8.50,8.08,8.50,1817398
19-Mar-10,8.12,8.25,8.00,8.22,679382
18-Mar-10,8.12,8.20,8.00,8.03,255830
17-Mar-10,8.12,8.19,8.00,8.05,543946
16-Mar-10,8.12,8.20,8.07,8.08,347586
15-Mar-10,8.38,8.40,8.00,8.00,656131
12-Mar-10,8.38,8.38,8.25,8.32,163290
11-Mar-10,8.38,8.44,8.25,8.25,1018861
10-Mar-10,8.38,8.40,8.10,8.25,222141
9-Mar-10,8.50,8.55,8.15,8.40,789855
8-Mar-10,8.25,8.70,8.43,8.60,310374
5-Mar-10,8.58,8.48,8.20,8.25,980596
4-Mar-10,8.65,8.72,8.40,8.40,937767
3-Mar-10,8.75,8.95,8.50,8.60,1241131
2-Mar-10,8.62,9.00,8.55,8.90,697709
1-Mar-10,8.62,8.75,8.50,8.65,796044
26-Feb-10,8.62,8.65,8.55,8.56,309433
25-Feb-10,8.92,8.93,8.50,8.50,617888
24-Feb-10,9.00,9.19,8.76,8.85,473728
23-Feb-10,8.60,8.95,8.60,8.82,966174
22-Feb-10,8.88,8.88,8.54,8.64,428048
19-Feb-10,9.00,9.20,8.75,8.75,645137
18-Feb-10,8.75,9.25,8.76,8.88,578627
17-Feb-10,8.70,9.25,8.74,8.77,1242716
16-Feb-10,8.25,8.75,8.20,8.75,1240789
15-Feb-10,8.00,8.37,8.10,8.36,420838
12-Feb-10,7.75,8.40,7.91,8.20,1206636
11-Feb-10,7.72,7.95,7.58,7.80,516896
10-Feb-10,7.70,7.72,7.40,7.58,935507
9-Feb-10,7.88,7.90,7.35,7.72,800724
8-Feb-10,7.82,8.00,7.76,7.90,1524761
5-Feb-10,7.70,7.75,7.10,7.53,836925
4-Feb-10,7.80,7.80,7.65,7.72,484149
3-Feb-10,7.32,7.82,7.27,7.80,2227743
2-Feb-10,7.32,7.32,7.08,7.30,2390364
1-Feb-10,7.62,7.62,7.25,7.32,1281905
29-Jan-10,7.65,7.65,7.50,7.62,656564
28-Jan-10,8.22,8.30,7.50,7.63,2175062
27-Jan-10,8.75,8.87,7.97,8.10,2492686
26-Jan-10,8.85,8.95,8.65,8.78,572351
25-Jan-10,8.45,8.90,8.38,8.80,2010019
22-Jan-10,8.88,8.86,8.25,8.65,1765127
21-Jan-10,9.00,9.25,8.55,8.90,1125356
20-Jan-10,9.12,9.25,8.90,9.10,437420
19-Jan-10,9.32,9.50,8.75,9.25,1600025
18-Jan-10,8.90,9.40,8.86,9.39,4650414
15-Jan-10,8.50,9.22,8.52,8.96,5744670
14-Jan-10,8.62,8.66,8.25,8.35,1779499
13-Jan-10,8.88,8.94,8.25,8.50,4868678
12-Jan-10,9.25,9.35,8.38,8.94,6136461
11-Jan-10,9.25,10.00,9.00,9.33,9883928
8-Jan-10,7.62,8.25,7.28,8.25,6946721
7-Jan-10,8.35,8.50,7.50,7.50,7405314
6-Jan-10,7.35,8.35,7.30,8.02,7101990
5-Jan-10,6.12,7.35,6.11,7.33,4990938
4-Jan-10,5.72,6.20,5.61,6.20,2835812
31-Dec-09,5.78,5.85,5.71,5.82,263000
30-Dec-09,5.62,5.85,5.60,5.82,2039337
29-Dec-09,5.62,5.75,5.50,5.70,666319
24-Dec-09,5.62,5.70,5.59,5.70,185633
23-Dec-09,5.62,5.62,5.50,5.59,915846
22-Dec-09,5.62,5.72,5.52,5.52,744493
21-Dec-09,5.32,5.75,5.25,5.50,3930981
18-Dec-09,5.20,5.37,5.10,5.25,582525
17-Dec-09,5.30,5.40,5.00,5.22,1993118
16-Dec-09,5.12,5.42,5.12,5.27,863920
15-Dec-09,5.12,5.50,5.00,5.05,2549258
14-Dec-09,5.02,5.25,5.01,5.03,358283
11-Dec-09,4.88,5.10,4.80,5.00,1692006
10-Dec-09,4.85,4.89,4.77,4.86,510002
9-Dec-09,4.95,4.90,4.82,4.84,156349
8-Dec-09,4.95,4.98,4.90,4.94,129120
7-Dec-09,0.00,4.95,4.90,4.90,78164
4-Dec-09,4.92,5.08,4.80,5.08,347109
3-Dec-09,5.00,5.00,4.85,4.85,149380
2-Dec-09,5.10,5.10,4.90,5.02,799428
1-Dec-09,5.20,5.16,5.00,5.00,300742
30-Nov-09,5.20,5.20,5.15,5.15,1047959
27-Nov-09,5.20,5.20,5.10,5.15,2530135
26-Nov-09,5.20,5.25,5.10,5.16,1502039
25-Nov-09,5.32,5.25,5.10,5.20,1014457
24-Nov-09,5.30,5.50,5.07,5.35,3504371
23-Nov-09,5.12,5.40,5.00,5.31,4794307
20-Nov-09,5.28,5.18,5.00,5.00,394792
19-Nov-09,5.20,5.40,5.11,5.16,924030
18-Nov-09,5.30,6.25,4.89,5.13,12012286
17-Nov-09,4.55,4.70,4.30,4.35,4215998
16-Nov-09,4.20,4.60,4.21,4.50,9102186
13-Nov-09,4.20,4.24,4.18,4.18,528457
12-Nov-09,4.18,4.25,4.17,4.17,1474834
11-Nov-09,4.22,4.22,4.15,4.22,1738587
10-Nov-09,4.22,4.22,4.15,4.22,1115859
9-Nov-09,4.22,4.22,4.15,4.22,732866
6-Nov-09,4.22,4.20,4.15,4.20,1003500
5-Nov-09,4.25,4.20,4.10,4.20,500000
4-Nov-09,4.30,4.20,4.20,4.20,521302
3-Nov-09,4.30,4.30,4.20,4.30,2318242
2-Nov-09,4.35,4.20,4.20,4.20,1141232
30-Oct-09,4.18,4.40,4.15,4.23,1347826
29-Oct-09,4.20,4.20,4.15,4.16,3023591
28-Oct-09,4.30,4.25,4.15,4.18,1377039
27-Oct-09,4.20,4.30,4.05,4.25,2042813
26-Oct-09,4.20,4.21,4.15,4.15,444012
23-Oct-09,4.15,4.32,4.00,4.22,740151
22-Oct-09,4.35,4.30,4.10,4.10,211391
21-Oct-09,4.22,4.40,4.20,4.40,39831
20-Oct-09,4.30,4.30,4.00,4.00,1362401
19-Oct-09,4.42,4.32,4.20,4.22,268419
16-Oct-09,4.38,4.47,4.25,4.35,690000
15-Oct-09,4.55,4.45,4.30,4.35,1036770
14-Oct-09,4.68,4.63,4.40,4.63,810000
13-Oct-09,4.70,4.90,4.50,4.66,2747165
12-Oct-09,4.62,4.75,4.50,4.65,2165295
9-Oct-09,4.08,4.80,4.00,4.40,3887965
8-Oct-09,4.30,4.23,3.92,4.05,1382000
7-Oct-09,4.00,4.50,3.99,4.10,853608
6-Oct-09,4.05,4.05,3.90,3.90,81146
5-Oct-09,4.20,4.15,3.90,4.05,701392
2-Oct-09,4.12,4.18,4.00,4.00,1141512
1-Oct-09,4.12,4.19,4.00,4.15,2346687
30-Sep-09,4.38,4.33,4.10,4.18,461227
29-Sep-09,4.40,4.33,4.30,4.30,195000
28-Sep-09,4.52,4.69,4.31,4.33,133950
25-Sep-09,4.70,4.69,4.30,4.30,756574
24-Sep-09,4.90,4.82,4.50,4.75,630407
23-Sep-09,4.80,5.15,4.80,5.00,1722874
22-Sep-09,4.90,4.90,4.65,4.80,2043483
21-Sep-09,4.88,5.30,4.80,4.98,5878850
18-Sep-09,4.15,5.00,3.90,4.50,5412933
17-Sep-09,4.18,4.18,4.10,4.10,340500
16-Sep-09,4.20,4.20,4.15,4.18,216567
15-Sep-09,4.20,4.18,4.15,4.18,375000
14-Sep-09,4.20,4.24,4.15,4.18,975650
11-Sep-09,4.18,4.22,4.12,4.15,161822
10-Sep-09,4.18,4.23,4.10,4.10,1647223
9-Sep-09,4.35,4.40,4.10,4.25,624449
8-Sep-09,4.38,4.50,4.20,4.20,459974
7-Sep-09,4.60,4.60,4.30,4.40,1822331
4-Sep-09,4.55,4.68,4.50,4.60,1151558
3-Sep-09,4.88,4.75,4.52,4.52,278155
1-Sep-09,4.90,5.25,4.85,4.85,996244
28-Aug-09,5.00,5.02,4.62,4.80,2291745
27-Aug-09,5.22,5.24,4.55,5.00,2459260
26-Aug-09,5.45,5.72,5.00,5.05,5641787
25-Aug-09,4.40,5.60,4.48,5.35,8547687
24-Aug-09,4.05,4.48,3.80,4.38,78048974
21-Aug-09,4.05,4.10,4.00,4.07,433894
20-Aug-09,4.05,4.10,4.01,4.07,461495
19-Aug-09,4.08,4.09,3.91,4.02,1263095
18-Aug-09,4.12,4.40,4.05,4.05,4336389
17-Aug-09,3.95,4.13,3.85,4.00,10423288
14-Aug-09,3.92,4.00,3.85,3.92,1660942
13-Aug-09,3.88,3.97,3.80,3.86,1147820
12-Aug-09,3.92,3.95,3.90,3.92,701651
10-Aug-09,4.05,4.08,4.00,4.00,1260277
7-Aug-09,4.02,4.10,3.95,3.95,1739424
6-Aug-09,4.00,4.10,3.90,4.04,4863805
5-Aug-09,4.15,4.15,3.92,4.08,3104472
4-Aug-09,4.10,4.15,4.10,4.11,1205598
3-Aug-09,3.92,4.20,3.90,4.02,3242596
31-Jul-09,3.92,3.91,3.83,3.91,844511
30-Jul-09,3.95,3.93,3.90,3.90,560729
29-Jul-09,3.95,3.95,3.90,3.90,268980
28-Jul-09,4.05,4.00,3.90,3.95,400318
27-Jul-09,4.10,4.05,4.00,4.05,485505
24-Jul-09,4.28,4.25,3.90,4.09,1443341
23-Jul-09,4.35,4.35,4.25,4.25,156520
22-Jul-09,4.40,4.40,4.30,4.30,738328
21-Jul-09,4.38,4.40,4.27,4.40,1857776
20-Jul-09,4.32,4.35,4.25,4.27,901034
17-Jul-09,4.20,4.38,4.20,4.35,911517
16-Jul-09,4.20,4.25,4.17,4.22,156500
15-Jul-09,4.32,4.29,4.16,4.17,216382
14-Jul-09,4.32,4.40,4.30,4.30,1030000
13-Jul-09,4.40,4.35,4.16,4.20,967063
10-Jul-09,4.35,4.35,4.10,4.33,850091
9-Jul-09,4.38,4.29,4.15,4.25,397912
8-Jul-09,4.52,4.41,4.25,4.29,770500
7-Jul-09,4.88,4.75,4.38,4.43,770172
6-Jul-09,4.88,4.84,4.60,4.75,933524
3-Jul-09,4.88,4.97,4.75,4.84,1217296
2-Jul-09,4.92,5.00,4.44,4.75,1613968
1-Jul-09,4.92,5.10,4.85,4.85,939528
30-Jun-09,5.10,5.20,4.75,4.75,1244399
29-Jun-09,5.12,5.25,4.75,5.02,6436077
26-Jun-09,5.65,7.00,4.65,5.10,10960993
24-Jun-09,4.10,4.18,4.00,4.02,3249584
23-Jun-09,4.18,4.20,4.00,4.00,2193999
22-Jun-09,4.10,4.23,4.12,4.12,1981900
19-Jun-09,4.15,4.20,4.04,4.07,1480944
18-Jun-09,4.20,4.50,4.15,4.50,4173314
17-Jun-09,4.12,4.40,4.00,4.10,2841237
16-Jun-09,4.22,4.25,4.00,4.10,1865893
15-Jun-09,4.18,4.34,4.00,4.10,2876865
12-Jun-09,4.18,4.35,4.00,4.16,647275
11-Jun-09,4.18,4.20,4.00,4.00,625023
10-Jun-09,4.38,4.34,4.15,4.22,1785601
9-Jun-09,4.62,4.68,4.25,4.35,1219175
8-Jun-09,4.75,4.78,4.50,4.68,2573618
5-Jun-09,4.75,4.90,4.62,4.77,1228307
4-Jun-09,4.80,4.90,4.62,4.77,1430722
3-Jun-09,4.80,5.00,4.60,4.75,1792743
2-Jun-09,4.80,4.89,4.60,4.80,2152485
1-Jun-09,4.38,4.75,4.35,4.70,2327515
29-May-09,4.38,4.45,4.25,4.42,462388
28-May-09,4.70,4.77,4.30,4.60,2762835
27-May-09,4.80,4.88,4.33,4.60,4962479
26-May-09,4.12,5.00,4.10,4.50,3617852
22-May-09,4.20,4.35,3.88,3.88,4320588
21-May-09,3.70,4.40,3.68,4.29,4777636
20-May-09,3.65,3.75,3.65,3.68,214243
19-May-09,3.60,3.75,3.50,3.70,1295171
18-May-09,3.60,3.68,3.50,3.65,917849
15-May-09,3.35,3.65,3.30,3.58,2571059
14-May-09,3.25,3.59,3.30,3.32,2955884
13-May-09,3.05,3.30,3.00,3.20,1565151
12-May-09,2.88,3.11,2.86,3.11,4075318
11-May-09,2.85,2.90,2.50,2.50,1318239
8-May-09,2.95,2.94,2.50,2.80,484047
7-May-09,3.38,3.50,2.80,2.90,1781354
6-May-09,3.38,3.50,3.00,3.25,952637
5-May-09,3.38,3.50,3.25,3.25,500326
1-May-09,3.38,3.40,3.12,3.12,452670
30-Apr-09,3.38,3.50,3.12,3.25,646210
29-Apr-09,3.50,3.50,3.12,3.26,1505450
28-Apr-09,3.62,3.70,3.50,3.50,521134
27-Apr-09,3.62,3.55,3.25,3.53,333500
24-Apr-09,3.62,3.55,3.25,3.55,223425
23-Apr-09,3.62,3.55,3.38,3.50,395283
22-Apr-09,3.62,3.75,3.25,3.50,646757
21-Apr-09,3.62,3.58,3.38,3.50,340107
20-Apr-09,3.62,3.58,3.50,3.50,225487
17-Apr-09,3.62,3.58,3.50,3.50,631969
16-Apr-09,3.75,3.70,3.38,3.58,1049653
15-Apr-09,3.88,3.84,3.50,3.75,1158377
14-Apr-09,3.88,3.84,3.75,3.84,237938
9-Apr-09,3.88,3.85,3.75,3.84,271275
8-Apr-09,3.88,4.00,3.75,3.85,757684
7-Apr-09,3.62,4.00,3.70,4.00,807969
6-Apr-09,3.62,3.75,3.53,3.70,1411802
3-Apr-09,3.62,3.60,3.50,3.60,556085
2-Apr-09,3.62,3.65,3.50,3.62,4375440
1-Apr-09,3.88,4.00,3.50,3.53,2093305
31-Mar-09,3.88,4.00,3.75,3.78,2424075
30-Mar-09,3.88,3.80,3.75,3.80,825467
27-Mar-09,4.12,4.09,3.75,3.85,950205
26-Mar-09,4.25,4.30,3.76,4.00,1898244
25-Mar-09,4.12,4.35,3.75,4.35,3970185
24-Mar-09,4.38,4.50,4.00,4.10,1690152
23-Mar-09,4.12,4.75,4.15,4.25,2367036
20-Mar-09,4.12,4.25,4.00,4.15,3177161
19-Mar-09,3.38,4.25,3.35,4.00,6568331
18-Mar-09,3.38,3.50,3.25,3.47,2600982
17-Mar-09,3.75,3.75,3.25,3.35,3271425
16-Mar-09,3.62,4.15,3.60,3.92,3870934
13-Mar-09,3.12,3.75,3.06,3.50,2180471
12-Mar-09,3.00,3.25,2.88,3.25,515498
11-Mar-09,2.62,3.38,2.50,3.38,2304612
10-Mar-09,2.62,2.72,2.50,2.50,2074770
9-Mar-09,2.25,2.75,2.25,2.56,2179877
6-Mar-09,2.25,2.35,2.15,2.30,590713
5-Mar-09,2.25,2.50,2.00,2.35,2589519
4-Mar-09,2.38,2.28,2.06,2.25,832334
3-Mar-09,2.38,2.32,2.25,2.25,1132014
2-Mar-09,2.12,2.38,2.10,2.34,2142077
27-Feb-09,1.62,2.50,1.65,2.19,3502230
26-Feb-09,1.65,1.71,1.65,1.65,82785
25-Feb-09,1.62,1.75,1.62,1.75,4330255
24-Feb-09,1.62,1.53,1.50,1.50,200000
23-Feb-09,1.62,1.70,1.55,1.64,2881530
20-Feb-09,1.75,1.65,1.50,1.50,243036
19-Feb-09,1.88,1.90,1.70,1.80,123146
18-Feb-09,1.88,1.91,1.80,1.80,57313
17-Feb-09,1.80,1.86,1.80,1.80,62349
16-Feb-09,1.88,1.75,1.50,1.65,731883
13-Feb-09,1.88,1.89,1.75,1.78,736469
12-Feb-09,1.88,1.90,1.78,1.89,782448
11-Feb-09,1.62,1.75,1.67,1.75,930923
9-Feb-09,1.38,1.95,1.50,1.63,1299486
6-Feb-09,1.38,1.50,1.40,1.40,212550
5-Feb-09,1.38,1.47,1.44,1.44,35461
4-Feb-09,1.38,1.50,1.25,1.47,570345
3-Feb-09,1.38,1.50,1.35,1.50,414858
2-Feb-09,1.38,1.70,1.35,1.35,1458589
30-Jan-09,1.38,1.50,1.25,1.25,1321092
29-Jan-09,1.38,1.75,1.25,1.34,2601913
28-Jan-09,0.98,1.50,0.98,1.50,5307574
27-Jan-09,0.95,0.96,0.94,0.96,34809
26-Jan-09,0.98,1.00,0.90,1.00,5037351
23-Jan-09,1.05,1.00,0.90,0.95,7752751
22-Jan-09,1.05,1.04,1.00,1.00,315154
21-Jan-09,0.90,1.09,1.00,1.00,3368473
20-Jan-09,0.88,1.00,0.80,0.92,2787293
19-Jan-09,0.88,0.90,0.80,0.80,611124
16-Jan-09,0.85,0.90,0.80,0.80,1634967
15-Jan-09,0.90,0.90,0.80,0.85,528275
14-Jan-09,0.90,0.94,0.83,0.85,436994
13-Jan-09,0.90,0.90,0.83,0.83,1134536
12-Jan-09,0.82,0.85,0.76,0.76,515341
9-Jan-09,0.92,0.90,0.80,0.80,884810
8-Jan-09,0.92,0.92,0.90,0.90,208351
7-Jan-09,0.92,0.92,0.92,0.92,162646
6-Jan-09,0.92,0.91,0.90,0.91,395322
5-Jan-09,0.88,0.92,0.91,0.92,272311
2-Jan-09,0.88,0.87,0.87,0.87,15000
31-Dec-08,0.88,0.87,0.87,0.87,19099
30-Dec-08,0.90,0.90,0.85,0.85,210000
29-Dec-08,0.92,0.95,0.90,0.90,3500000
24-Dec-08,-,-,-,0.90,0
23-Dec-08,0.90,0.90,0.90,0.90,430563
22-Dec-08,0.90,0.90,0.75,0.80,1954173
19-Dec-08,0.90,0.93,0.85,0.93,2164178
18-Dec-08,0.90,0.90,0.90,0.90,859237
17-Dec-08,0.90,0.90,0.89,0.89,98725
16-Dec-08,0.90,0.95,0.85,0.85,675000
15-Dec-08,0.92,1.00,0.75,0.75,2844214
12-Dec-08,0.92,0.94,0.89,0.89,121662
11-Dec-08,0.92,0.95,0.86,0.94,297063
10-Dec-08,-,-,-,1.00,0
9-Dec-08,0.92,1.00,0.88,1.00,2086888
8-Dec-08,0.90,1.00,0.90,1.00,643500
5-Dec-08,0.88,1.00,0.89,1.00,2188066
4-Dec-08,0.88,0.97,0.85,0.97,1739518
3-Dec-08,0.88,0.97,0.75,0.95,1914939
2-Dec-08,0.88,0.93,0.88,0.90,759001
1-Dec-08,1.12,1.01,0.82,0.90,964839
28-Nov-08,1.12,1.10,1.00,1.10,1150000
27-Nov-08,1.12,1.12,1.12,1.12,3405
26-Nov-08,1.12,1.15,1.00,1.02,1298363
25-Nov-08,1.12,1.15,1.00,1.00,218555
24-Nov-08,1.25,1.00,0.82,1.00,1364494
21-Nov-08,1.12,1.10,1.00,1.00,289461
20-Nov-08,1.12,1.15,1.00,1.03,818649
19-Nov-08,-,-,-,1.25,0
18-Nov-08,-,-,-,1.25,0
17-Nov-08,1.25,1.29,1.00,1.25,2203084
14-Nov-08,1.25,1.00,1.00,1.25,50000
13-Nov-08,1.25,1.30,1.00,1.00,154182
12-Nov-08,1.25,1.25,1.06,1.06,66558
11-Nov-08,1.35,1.33,1.22,1.31,149532
10-Nov-08,1.32,1.37,1.15,1.20,811204
7-Nov-08,1.10,1.20,1.00,1.20,1434969
6-Nov-08,1.10,1.10,1.02,1.10,1358665
5-Nov-08,1.10,1.02,1.01,1.02,321366
4-Nov-08,1.10,1.10,1.00,1.00,387986
3-Nov-08,1.15,1.15,1.00,1.00,386092
31-Oct-08,1.15,1.15,1.15,1.15,12761
30-Oct-08,1.10,1.20,1.14,1.15,584867
29-Oct-08,1.10,1.05,1.05,1.05,47619
28-Oct-08,1.10,1.05,0.75,1.00,707200
27-Oct-08,1.10,1.09,1.05,1.05,253714
24-Oct-08,1.38,1.28,0.77,1.05,1188591
23-Oct-08,1.38,1.28,1.28,1.28,392
22-Oct-08,1.38,1.30,1.25,1.30,119654
21-Oct-08,1.38,1.30,1.25,1.25,313393
20-Oct-08,1.50,1.35,1.28,1.34,234214
17-Oct-08,1.38,1.62,1.62,1.62,3933
16-Oct-08,1.38,1.45,1.30,1.44,90955
15-Oct-08,1.38,1.48,1.25,1.48,200541
14-Oct-08,1.38,1.48,1.48,1.48,100000
13-Oct-08,1.25,1.45,1.25,1.44,426796
10-Oct-08,1.25,1.35,1.10,1.35,94663
9-Oct-08,1.12,1.44,1.15,1.50,845288
8-Oct-08,1.50,1.30,0.75,0.75,4224797
7-Oct-08,1.50,1.43,1.43,1.43,3723
6-Oct-08,1.62,1.50,1.12,1.50,753212
3-Oct-08,1.62,1.62,1.58,1.60,401085
2-Oct-08,1.62,1.58,1.50,1.50,126949
1-Oct-08,1.62,1.58,1.50,1.50,239272
30-Sep-08,1.38,1.63,1.31,1.58,995534
29-Sep-08,1.75,1.70,1.70,1.70,31852
26-Sep-08,1.88,1.97,1.50,1.75,889100
25-Sep-08,1.88,1.75,1.75,1.75,20000
24-Sep-08,1.88,1.99,1.62,1.62,562533
23-Sep-08,1.62,2.00,1.70,1.82,428316
22-Sep-08,1.62,1.72,1.65,1.70,206419
19-Sep-08,1.62,1.75,1.50,1.75,1478599
18-Sep-08,1.62,1.64,1.50,1.50,1065043
17-Sep-08,1.88,1.80,1.30,1.50,2404805
16-Sep-08,2.38,2.28,1.50,1.90,2737371
15-Sep-08,2.62,2.68,2.29,2.29,52102
12-Sep-08,2.62,2.58,2.55,2.55,13011
11-Sep-08,2.62,2.50,2.50,2.50,82008
10-Sep-08,2.88,2.82,2.25,2.60,2581727
9-Sep-08,2.88,3.00,2.75,2.75,585471
8-Sep-08,2.88,3.00,2.80,3.00,516129
5-Sep-08,2.88,2.83,2.75,2.75,693648
4-Sep-08,2.88,2.84,2.75,2.75,1161000
3-Sep-08,2.88,2.98,2.75,2.85,333823
2-Sep-08,3.00,2.90,2.75,2.75,275904
1-Sep-08,3.00,3.25,2.76,2.93,1631145
29-Aug-08,2.75,2.95,2.62,2.88,1606762
28-Aug-08,2.88,2.80,2.50,2.80,3000534
27-Aug-08,3.12,3.00,2.50,2.78,1597292
26-Aug-08,3.12,3.10,2.75,2.75,820117
22-Aug-08,3.12,3.19,3.00,3.06,307046
21-Aug-08,3.12,3.15,3.05,3.06,287713
20-Aug-08,3.12,3.25,3.00,3.15,8020783
19-Aug-08,3.12,3.25,2.75,3.15,13811808
18-Aug-08,2.88,2.90,2.75,2.75,1140913
15-Aug-08,2.88,2.90,2.75,2.90,1861874
14-Aug-08,2.88,2.95,2.75,2.85,2853000
13-Aug-08,2.88,2.97,2.75,2.75,282934
12-Aug-08,3.00,3.00,2.78,2.78,514124
11-Aug-08,3.00,3.10,2.62,2.62,2042141
8-Aug-08,3.00,3.12,3.00,3.00,5872983
7-Aug-08,3.12,3.12,2.95,3.05,1002489
6-Aug-08,3.12,3.20,3.00,3.00,784221
5-Aug-08,3.12,3.01,3.01,3.01,22143
4-Aug-08,3.38,3.28,3.00,3.00,833200
1-Aug-08,3.38,3.42,3.25,3.25,484657
31-Jul-08,3.12,3.50,3.00,3.25,3638605
30-Jul-08,3.12,3.25,3.00,3.08,981575
29-Jul-08,3.12,3.30,3.05,3.30,317854
28-Jul-08,3.12,3.15,3.00,3.15,2262544
25-Jul-08,3.12,3.20,3.12,3.12,311510
24-Jul-08,3.12,3.11,3.00,3.00,2844477
23-Jul-08,3.12,3.18,3.00,3.02,1010239
22-Jul-08,3.00,3.20,2.75,3.00,2786386
21-Jul-08,3.12,3.25,2.50,2.98,1934540
18-Jul-08,3.38,3.35,3.00,3.09,1098239
17-Jul-08,3.38,3.35,3.35,3.35,51691
16-Jul-08,3.50,3.45,3.25,3.28,876013
15-Jul-08,3.75,3.75,3.25,3.25,1079632
14-Jul-08,3.75,3.65,3.50,3.58,351626
11-Jul-08,3.75,3.90,3.50,3.90,93566
10-Jul-08,3.75,3.56,3.50,3.50,104712
9-Jul-08,3.62,3.88,3.50,3.56,1926769
8-Jul-08,4.12,4.12,3.50,3.52,1337079
7-Jul-08,4.12,4.25,4.00,4.25,1779567
4-Jul-08,4.00,4.12,3.75,4.10,2403736
3-Jul-08,4.12,4.25,3.75,4.00,2998990
2-Jul-08,4.25,4.50,4.00,4.00,2307386
1-Jul-08,4.25,4.40,4.00,4.10,1761312
30-Jun-08,4.50,4.40,4.00,4.00,3264797
27-Jun-08,4.62,4.60,4.25,4.26,3983812
26-Jun-08,4.62,4.62,4.40,4.60,5238608
25-Jun-08,4.62,4.60,4.50,4.57,267776
24-Jun-08,4.62,4.60,4.50,4.58,1132294
23-Jun-08,4.62,4.58,4.50,4.50,591363
20-Jun-08,4.62,5.00,4.50,4.60,1589946
19-Jun-08,4.62,4.60,4.50,4.60,1182956
18-Jun-08,4.62,4.75,4.50,4.50,2664387
17-Jun-08,4.62,4.60,4.50,4.50,400081
16-Jun-08,4.62,4.75,4.50,4.75,675200
13-Jun-08,4.88,4.88,4.50,4.50,573251
12-Jun-08,4.88,4.92,4.75,4.76,704769
11-Jun-08,4.88,5.00,4.76,4.82,827970
10-Jun-08,4.88,5.00,4.75,5.00,628119
9-Jun-08,4.88,4.97,4.75,4.94,530707
6-Jun-08,4.62,5.00,4.52,4.93,982005
5-Jun-08,4.62,4.75,4.50,4.56,364434
4-Jun-08,4.50,4.75,4.53,4.68,390000
3-Jun-08,4.62,4.72,4.52,4.72,398122
2-Jun-08,4.50,4.75,4.50,4.50,2331189
30-May-08,4.25,4.88,4.20,4.75,3611037
29-May-08,4.12,4.25,4.00,4.00,1046847
28-May-08,4.25,4.40,4.00,4.00,698048
27-May-08,4.62,4.62,4.18,4.20,804014
23-May-08,4.62,4.62,4.50,4.50,475987
22-May-08,4.62,4.75,4.50,4.60,387233
21-May-08,4.62,4.62,4.52,4.52,200000
20-May-08,4.75,5.10,4.50,4.50,1260572
19-May-08,4.75,4.95,4.50,4.50,842784
16-May-08,4.75,4.83,4.50,4.61,538773
15-May-08,4.75,4.81,4.65,4.81,375556
14-May-08,4.75,4.80,4.50,4.80,307862
13-May-08,5.00,5.00,4.50,4.79,1074440
12-May-08,5.00,4.95,4.75,4.75,141023
9-May-08,5.00,5.00,4.75,4.95,254358
8-May-08,5.00,4.90,4.76,4.90,10407
7-May-08,5.25,5.20,4.50,4.90,520878
6-May-08,5.38,5.50,5.00,5.00,747284
2-May-08,4.75,5.50,4.86,5.35,2111766
1-May-08,4.75,4.86,4.85,4.86,65459
30-Apr-08,4.75,5.00,4.85,4.87,992369
29-Apr-08,4.75,5.00,4.75,5.00,411429
28-Apr-08,4.75,5.01,4.85,5.00,129279
25-Apr-08,5.00,5.10,4.75,4.92,1274402
24-Apr-08,4.50,5.19,4.60,4.90,1317240
23-Apr-08,4.50,4.75,4.50,4.73,1550000
22-Apr-08,4.62,4.75,4.52,4.64,257736
21-Apr-08,3.62,5.00,3.75,4.75,4014114
18-Apr-08,3.62,3.75,3.55,3.75,328376
17-Apr-08,3.62,3.72,3.50,3.72,427347
16-Apr-08,3.62,3.80,3.50,3.72,1379821
15-Apr-08,3.62,3.70,3.50,3.51,288003
14-Apr-08,3.62,3.75,3.50,3.60,291157
11-Apr-08,3.62,3.75,3.60,3.62,641298
10-Apr-08,3.62,3.75,3.50,3.60,2420258
9-Apr-08,3.62,3.66,3.50,3.62,996498
8-Apr-08,3.62,3.62,3.50,3.62,372842
7-Apr-08,3.62,3.70,3.50,3.70,247538
4-Apr-08,3.62,3.53,3.00,3.52,947155
3-Apr-08,3.62,3.75,3.50,3.60,336020
2-Apr-08,3.62,3.54,3.38,3.53,520300
1-Apr-08,3.75,3.73,3.50,3.50,602459
31-Mar-08,3.62,4.00,3.51,4.00,1616310
28-Mar-08,3.62,3.70,3.50,3.55,338719
27-Mar-08,3.62,3.75,3.50,3.50,926956
26-Mar-08,4.00,4.00,3.50,3.75,1197338
25-Mar-08,4.12,4.23,3.75,4.00,424104
20-Mar-08,4.12,4.25,4.00,4.00,438417
19-Mar-08,4.12,4.15,3.75,4.00,611000
18-Mar-08,4.00,4.12,3.88,4.04,2080853
17-Mar-08,4.12,4.05,3.75,3.90,544086
14-Mar-08,4.00,4.06,3.75,4.00,1062852
13-Mar-08,4.12,4.07,3.75,3.75,89890
12-Mar-08,4.12,4.10,4.00,4.07,291720
11-Mar-08,4.50,4.35,4.00,4.02,638517
10-Mar-08,5.12,5.20,4.50,4.50,508725
7-Mar-08,5.38,5.12,4.75,5.00,262808
6-Mar-08,5.50,5.50,5.25,5.50,868417
5-Mar-08,5.62,5.60,5.25,5.40,325750
4-Mar-08,5.75,6.00,5.40,5.62,2170786
3-Mar-08,5.75,5.75,5.25,5.50,823766
29-Feb-08,5.75,6.00,5.50,5.95,1021740
28-Feb-08,5.50,6.00,5.38,5.50,2114162
27-Feb-08,5.50,5.75,5.40,5.51,822875
26-Feb-08,5.62,5.50,5.25,5.40,514320
25-Feb-08,5.75,5.85,5.50,5.57,451082
22-Feb-08,6.00,6.10,5.50,5.75,218102
21-Feb-08,6.00,6.15,5.75,5.90,740070
20-Feb-08,6.12,6.69,5.50,5.85,6298676
19-Feb-08,6.00,6.25,5.75,6.25,2707774
18-Feb-08,6.00,6.25,5.75,5.88,4391628
15-Feb-08,5.50,6.25,5.50,5.75,4836672
14-Feb-08,4.62,5.50,4.50,5.50,10632657
13-Feb-08,4.62,4.75,4.50,4.50,1352724
12-Feb-08,4.62,4.75,4.50,4.50,918210
11-Feb-08,4.50,5.00,4.50,4.75,1172154
8-Feb-08,4.50,4.34,4.25,4.25,43875
7-Feb-08,4.50,4.37,4.25,4.25,103509
6-Feb-08,4.62,4.70,4.25,4.38,279033
5-Feb-08,4.75,4.65,4.50,4.50,142317
4-Feb-08,4.75,4.69,4.50,4.50,233693
1-Feb-08,4.75,4.70,4.50,4.50,159140
31-Jan-08,4.75,5.00,4.50,4.53,429418
30-Jan-08,4.88,5.00,4.50,4.75,355731
29-Jan-08,4.75,5.12,4.57,4.75,1550646
28-Jan-08,4.50,4.86,4.50,4.75,676831
25-Jan-08,4.12,4.97,4.00,4.58,2438616
24-Jan-08,3.88,4.25,3.95,4.12,2466378
23-Jan-08,3.62,3.95,3.60,3.85,2018625
22-Jan-08,3.88,4.00,3.62,3.70,1049223
21-Jan-08,4.25,4.30,3.75,4.00,336580
18-Jan-08,4.25,4.83,3.88,4.00,1026896
17-Jan-08,4.12,4.36,3.75,4.30,1238574
16-Jan-08,4.62,4.72,4.00,4.00,1239970
15-Jan-08,4.12,5.00,4.23,4.60,4262689
14-Jan-08,2.88,4.45,2.98,4.00,2623225
11-Jan-08,3.00,3.10,2.75,3.00,6904557
10-Jan-08,2.88,3.20,2.75,2.80,7603309
9-Jan-08,2.88,2.88,2.75,2.83,1095333
8-Jan-08,2.88,2.80,2.50,2.50,3002175
7-Jan-08,3.00,3.00,2.75,2.75,726867
4-Jan-08,2.88,3.00,2.75,2.75,700099
3-Jan-08,3.00,2.91,2.75,2.78,788739
2-Jan-08,3.00,2.90,2.90,2.90,43448
31-Dec-07,3.00,2.91,2.50,2.50,153644
28-Dec-07,3.00,2.98,2.50,2.50,497300
27-Dec-07,3.00,3.25,2.75,2.98,1018469
24-Dec-07,3.12,3.30,2.75,3.30,115000
21-Dec-07,2.88,3.10,2.75,3.00,3406960
20-Dec-07,2.88,3.00,2.50,2.50,2066663
19-Dec-07,3.00,2.95,2.50,2.85,954926
18-Dec-07,3.50,3.25,2.74,2.85,2639595
17-Dec-07,3.62,3.75,3.25,3.25,229821
14-Dec-07,3.62,3.62,3.38,3.50,687000
13-Dec-07,3.62,3.70,3.50,3.60,580442
12-Dec-07,3.62,3.75,3.58,3.62,307000
11-Dec-07,3.88,3.76,3.75,3.75,407472
10-Dec-07,3.88,4.00,3.74,3.74,1571416
7-Dec-07,3.88,3.85,3.84,3.84,303000
6-Dec-07,3.88,3.85,3.75,3.84,675671
5-Dec-07,3.88,4.00,3.75,4.00,573960
4-Dec-07,3.88,4.00,3.75,3.75,464000
3-Dec-07,3.88,4.00,3.78,3.99,770430
30-Nov-07,3.88,3.80,3.75,3.80,55981
29-Nov-07,3.88,3.85,3.78,3.85,98254
28-Nov-07,3.88,3.80,3.78,3.80,201832
27-Nov-07,4.25,4.15,3.75,3.80,1779693
26-Nov-07,4.00,4.00,3.75,4.00,548404
23-Nov-07,3.88,4.00,3.88,4.00,189712
22-Nov-07,4.00,4.25,3.88,4.00,276220
21-Nov-07,4.00,4.00,3.94,3.99,324000
20-Nov-07,3.88,4.15,3.75,3.75,668069
19-Nov-07,3.88,4.00,3.75,3.85,3232533
16-Nov-07,3.88,3.90,3.87,3.87,181242
15-Nov-07,3.88,4.00,3.75,3.91,713406
14-Nov-07,4.12,4.08,3.75,3.75,948920
13-Nov-07,4.38,4.00,4.00,4.00,250000
12-Nov-07,4.25,4.22,4.22,4.22,34000
9-Nov-07,4.25,4.20,4.00,4.00,89689
8-Nov-07,-,-,-,4.25,0
7-Nov-07,4.38,4.31,4.12,4.25,400000
6-Nov-07,4.38,4.38,4.10,4.38,700000
5-Nov-07,4.38,4.35,4.33,4.33,24819
2-Nov-07,4.38,4.40,4.25,4.40,134375
1-Nov-07,-,-,-,4.38,0
31-Oct-07,4.12,4.00,4.00,4.00,250000
30-Oct-07,4.25,4.16,4.00,4.15,175000
29-Oct-07,4.25,4.38,4.00,4.38,81795
26-Oct-07,4.38,4.75,4.00,4.45,555763
25-Oct-07,4.50,4.47,4.25,4.25,489583
24-Oct-07,4.50,4.45,4.45,4.45,2000
23-Oct-07,4.50,4.25,4.25,4.25,75454
22-Oct-07,4.50,4.75,4.25,4.25,217500
19-Oct-07,4.50,4.50,4.25,4.25,825000
18-Oct-07,-,-,-,4.50,0
17-Oct-07,4.50,4.50,4.50,4.50,32110
16-Oct-07,-,-,-,4.50,0
15-Oct-07,-,-,-,4.50,0
12-Oct-07,4.50,4.31,4.30,4.31,61182
11-Oct-07,-,-,-,4.50,0
10-Oct-07,4.88,4.82,4.60,4.60,107324
9-Oct-07,4.88,4.85,4.75,4.75,208520
8-Oct-07,4.50,4.90,4.50,4.90,330500
5-Oct-07,4.62,4.55,4.50,4.55,12500
4-Oct-07,4.50,4.45,4.00,4.35,132023
3-Oct-07,4.50,4.50,4.40,4.50,1451736
2-Oct-07,-,-,-,4.50,0
1-Oct-07,4.50,4.50,4.50,4.50,25000
28-Sep-07,4.50,4.25,4.25,4.25,50000
27-Sep-07,4.75,4.60,4.35,4.50,191082
26-Sep-07,4.50,4.62,4.25,4.62,565075
25-Sep-07,4.75,4.70,4.50,4.50,60000
24-Sep-07,-,-,-,4.75,0
21-Sep-07,4.75,4.50,4.50,4.50,190000
20-Sep-07,-,-,-,4.75,0
19-Sep-07,4.75,5.00,4.50,4.50,135202
18-Sep-07,4.62,4.60,4.50,4.50,317000
17-Sep-07,-,-,-,4.62,0
14-Sep-07,4.62,4.62,4.50,4.62,110000
13-Sep-07,4.62,4.62,4.50,4.60,256279
12-Sep-07,4.62,4.65,4.62,4.62,162000
11-Sep-07,-,-,-,4.62,0
10-Sep-07,4.75,4.58,4.58,4.58,50000
7-Sep-07,4.75,4.80,4.49,4.50,814065
6-Sep-07,4.62,4.60,4.50,4.60,106000
5-Sep-07,-,-,-,4.62,0
4-Sep-07,4.75,4.65,4.50,4.50,410378
3-Sep-07,4.62,4.80,4.50,4.75,306554
31-Aug-07,4.75,4.70,4.50,4.59,182307
30-Aug-07,4.75,4.80,4.50,4.50,182472
29-Aug-07,5.25,5.00,5.00,5.00,50000
28-Aug-07,5.25,5.00,5.00,5.00,50000
24-Aug-07,5.25,5.00,5.00,5.00,175000
23-Aug-07,5.00,5.30,5.00,5.00,205534
22-Aug-07,5.00,5.10,4.75,4.75,12196
21-Aug-07,5.00,4.85,4.85,4.85,200000
20-Aug-07,5.00,5.00,4.75,5.00,281737
17-Aug-07,5.12,5.00,4.50,5.00,768016
16-Aug-07,5.38,5.38,4.75,5.00,475000
15-Aug-07,5.75,5.60,5.25,5.25,422767
14-Aug-07,5.88,5.85,5.85,5.85,25309
13-Aug-07,6.00,5.75,5.75,5.75,100000
10-Aug-07,-,-,-,6.00,0
9-Aug-07,6.25,6.50,6.00,6.00,1650000
8-Aug-07,-,-,-,6.25,0
7-Aug-07,6.25,6.50,6.00,6.50,95000
6-Aug-07,6.25,6.06,6.00,6.00,37500
3-Aug-07,-,-,-,6.25,0
2-Aug-07,6.25,6.00,6.00,6.00,600000
1-Aug-07,6.25,6.00,6.00,6.00,267000
31-Jul-07,6.50,6.00,6.00,6.00,469296
30-Jul-07,6.88,6.50,6.25,6.25,80781
27-Jul-07,6.75,6.75,6.75,6.75,25000
26-Jul-07,-,-,-,6.88,0
25-Jul-07,7.00,7.00,6.50,6.50,130000
24-Jul-07,7.00,7.25,6.75,7.12,155000
23-Jul-07,6.75,7.00,6.75,6.80,101377
20-Jul-07,7.25,7.20,6.75,7.00,966341
19-Jul-07,7.50,7.45,6.75,7.38,2089767
18-Jul-07,7.75,7.75,7.25,7.25,250000
17-Jul-07,7.75,8.00,7.50,7.50,1529175
16-Jul-07,7.75,8.00,7.50,7.50,490437
13-Jul-07,8.00,8.15,7.75,7.75,279769
12-Jul-07,7.62,8.25,7.48,8.00,5359238
11-Jul-07,7.62,7.75,7.32,7.65,82977
10-Jul-07,7.62,7.80,7.32,7.34,101908
9-Jul-07,7.62,7.80,7.25,7.25,457000
6-Jul-07,7.62,7.25,7.25,7.25,10000
5-Jul-07,7.25,7.91,7.40,7.63,6769493
4-Jul-07,7.25,7.50,7.00,7.40,3587947
3-Jul-07,6.62,7.45,6.37,6.75,40259161
2-Jul-07,6.50,6.75,6.30,6.38,5376182
29-Jun-07,6.00,6.47,5.81,6.38,8370678
28-Jun-07,5.50,6.00,5.45,5.87,9538000
27-Jun-07,5.50,5.25,5.25,5.25,180796
26-Jun-07,5.50,5.48,5.25,5.25,159177
25-Jun-07,5.38,5.25,5.25,5.25,40000
22-Jun-07,5.50,5.50,5.45,5.45,83063
21-Jun-07,5.50,5.45,5.45,5.45,1750
20-Jun-07,5.62,5.50,5.25,5.50,599810
19-Jun-07,5.62,5.62,5.25,5.50,1733189
18-Jun-07,5.62,5.61,5.50,5.50,150000
15-Jun-07,5.62,5.60,5.50,5.60,86187
14-Jun-07,5.62,5.75,5.50,5.75,69080
13-Jun-07,5.62,5.50,5.50,5.50,100000
12-Jun-07,5.62,5.50,5.50,5.50,125000
11-Jun-07,5.62,5.75,5.50,5.75,70130
8-Jun-07,5.50,5.62,5.36,5.62,1796507
7-Jun-07,5.50,5.50,5.25,5.50,2360000
6-Jun-07,5.75,5.50,5.38,5.50,1470189
5-Jun-07,5.38,5.88,5.48,5.88,274454
4-Jun-07,5.38,5.45,5.36,5.38,12145358
1-Jun-07,5.38,5.50,5.00,5.50,4470000
31-May-07,5.38,5.45,5.25,5.35,670000
30-May-07,5.62,5.65,5.25,5.25,317000
29-May-07,5.75,5.50,5.50,5.50,265000
25-May-07,5.75,5.70,5.50,5.50,888600
24-May-07,5.75,5.74,5.50,5.50,190000
23-May-07,5.75,5.80,5.56,5.80,70000
22-May-07,5.75,5.94,5.56,5.94,20813
21-May-07,5.75,6.00,5.50,5.50,80000
18-May-07,5.75,5.74,5.74,5.74,100000
17-May-07,5.88,6.00,5.74,5.75,232760
16-May-07,5.88,6.00,5.86,6.00,114000
15-May-07,6.00,5.88,5.75,5.88,150000
14-May-07,5.88,5.86,5.49,5.50,4300000
11-May-07,5.88,5.86,5.59,5.59,139386
10-May-07,6.12,6.12,5.38,6.00,1125000
9-May-07,6.12,6.03,6.00,6.03,79920
8-May-07,6.12,6.12,6.12,6.12,100000
4-May-07,6.12,6.25,6.00,6.10,554393
3-May-07,6.12,6.25,6.00,6.00,1353448
2-May-07,6.25,6.50,6.00,6.50,253968
1-May-07,6.12,6.20,5.75,6.12,2214021
30-Apr-07,6.12,6.11,5.75,6.10,216708
27-Apr-07,5.75,5.85,5.60,5.85,2681805
26-Apr-07,5.88,6.20,5.50,6.00,895621
25-Apr-07,5.25,5.50,5.00,5.00,14162106
24-Apr-07,5.38,5.25,5.20,5.20,280000
23-Apr-07,5.25,5.25,5.06,5.25,19428
20-Apr-07,5.25,5.25,5.25,5.25,19047
19-Apr-07,5.25,5.25,5.00,5.12,372521
18-Apr-07,5.25,5.20,5.06,5.20,22678
17-Apr-07,5.12,5.00,5.00,5.00,1000000
16-Apr-07,5.12,5.22,5.05,5.12,111818
13-Apr-07,5.12,5.12,5.12,5.12,40146
12-Apr-07,5.50,5.75,5.03,5.12,135100
11-Apr-07,5.38,5.50,5.50,5.50,50000
10-Apr-07,5.38,5.38,5.28,5.28,9373
5-Apr-07,5.38,5.50,5.00,5.00,1392093
4-Apr-07,-,-,-,5.38,0
3-Apr-07,-,-,-,5.38,0
2-Apr-07,5.38,5.45,5.45,5.45,37930
30-Mar-07,5.38,5.47,5.28,5.28,65000
29-Mar-07,5.38,5.28,5.00,5.28,39896
28-Mar-07,5.75,6.00,5.00,5.00,1090000
27-Mar-07,5.75,5.94,5.56,5.94,125000
26-Mar-07,5.75,5.50,5.50,5.50,300000
23-Mar-07,5.62,5.75,5.25,5.25,370000
22-Mar-07,5.62,5.75,5.75,5.75,170000
21-Mar-07,5.50,5.50,5.50,5.50,101818
20-Mar-07,5.38,5.25,5.25,5.25,70000
19-Mar-07,5.38,5.47,5.25,5.47,112300
16-Mar-07,5.38,5.50,5.25,5.50,59500
15-Mar-07,6.00,6.20,5.44,5.44,307500
14-Mar-07,6.00,5.75,5.75,5.75,71500
13-Mar-07,5.88,6.20,5.50,5.88,878701
12-Mar-07,6.12,6.00,6.00,6.00,67400
9-Mar-07,6.12,6.00,5.50,5.50,146392
8-Mar-07,6.12,6.10,6.10,6.10,45000
7-Mar-07,6.25,6.22,5.50,6.22,390776
6-Mar-07,-,-,-,6.25,0
5-Mar-07,6.50,6.25,6.25,6.25,85000
2-Mar-07,6.50,6.25,6.25,6.25,50000
1-Mar-07,-,-,-,6.50,0
28-Feb-07,6.38,6.28,6.26,6.28,51538
27-Feb-07,6.38,6.25,6.25,6.25,160000
26-Feb-07,6.62,6.47,6.25,6.47,170075
23-Feb-07,6.62,6.81,6.81,6.81,12000
22-Feb-07,6.38,7.00,6.34,7.00,172500
21-Feb-07,6.25,6.50,6.15,6.25,1057638
20-Feb-07,6.25,6.28,6.25,6.25,665741
19-Feb-07,6.38,6.36,6.28,6.28,23076
16-Feb-07,-,-,-,6.25,0
15-Feb-07,6.38,6.40,6.25,6.25,307918
14-Feb-07,6.38,6.47,6.40,6.47,71500
13-Feb-07,6.75,6.53,6.25,6.32,455300
12-Feb-07,6.75,6.50,6.50,6.50,49189
9-Feb-07,-,-,-,6.75,0
8-Feb-07,6.62,6.75,6.50,6.75,115000
7-Feb-07,6.75,6.95,6.75,6.75,218405
6-Feb-07,6.75,6.94,6.75,6.94,14398
5-Feb-07,6.75,6.75,6.50,6.62,160906
2-Feb-07,-,-,-,6.75,0
1-Feb-07,6.62,7.00,6.75,6.75,175000
31-Jan-07,7.12,7.00,6.50,6.62,509390
30-Jan-07,-,-,-,7.12,0
29-Jan-07,-,-,-,7.12,0
26-Jan-07,-,-,-,7.12,0
25-Jan-07,7.12,7.11,7.11,7.11,50000
24-Jan-07,7.25,7.04,6.75,7.04,210000
23-Jan-07,7.25,7.22,7.00,7.00,106375
22-Jan-07,7.62,7.52,7.00,7.50,897802
19-Jan-07,7.62,7.60,7.50,7.60,351021
18-Jan-07,7.62,7.53,7.50,7.50,8138
17-Jan-07,7.62,7.75,7.50,7.52,1020000
16-Jan-07,7.62,7.60,7.50,7.50,69135
15-Jan-07,7.62,7.61,7.50,7.52,1080135
12-Jan-07,7.62,7.75,7.50,7.50,199699
11-Jan-07,7.75,7.75,7.53,7.60,52000
10-Jan-07,7.75,8.00,7.50,7.50,185513
9-Jan-07,-,-,-,7.75,0
8-Jan-07,7.75,7.56,7.55,7.56,82480
5-Jan-07,7.75,7.75,7.50,7.52,982800
4-Jan-07,7.75,7.88,7.75,7.88,208500
3-Jan-07,7.50,7.52,7.52,7.52,536537
2-Jan-07,7.38,7.75,7.45,7.75,63294
29-Dec-06,7.38,7.50,7.50,7.50,75000
28-Dec-06,7.38,7.75,7.00,7.00,35250
27-Dec-06,7.38,7.12,7.00,7.00,240000
22-Dec-06,7.38,7.66,7.66,7.66,40000
21-Dec-06,7.25,7.75,7.12,7.75,283000
20-Dec-06,7.62,7.62,7.00,7.00,705400
19-Dec-06,7.75,7.75,7.75,7.75,60000
18-Dec-06,7.88,8.00,7.52,8.00,121287
15-Dec-06,8.00,8.12,7.50,7.50,63947
14-Dec-06,8.00,8.25,7.75,8.00,357952
13-Dec-06,8.00,8.25,7.75,8.00,304250
12-Dec-06,8.00,8.25,7.75,8.25,430500
11-Dec-06,8.00,8.25,8.25,8.25,200000
8-Dec-06,8.00,8.15,7.88,8.15,120000
7-Dec-06,-,-,-,8.00,0
6-Dec-06,8.12,8.25,8.00,8.00,181538
5-Dec-06,8.12,8.00,8.00,8.00,300000
4-Dec-06,8.12,8.12,8.00,8.00,100000
1-Dec-06,8.12,13.00,8.00,8.00,815000
30-Nov-06,8.12,8.12,8.00,8.00,738600
29-Nov-06,7.38,8.00,7.00,8.00,1668980
28-Nov-06,8.50,8.50,7.00,7.38,1375859
27-Nov-06,8.50,8.75,8.25,8.25,273500
24-Nov-06,8.75,8.88,8.25,8.25,228000
23-Nov-06,8.75,9.00,8.50,8.50,679000
22-Nov-06,9.00,9.50,8.50,8.50,658317
21-Nov-06,9.25,9.50,8.50,9.00,402588
20-Nov-06,8.50,9.50,8.00,9.00,1212086
17-Nov-06,9.12,9.03,8.00,8.00,1582577
16-Nov-06,9.25,9.25,9.00,9.00,405000
15-Nov-06,9.38,9.65,9.00,9.25,2876421
14-Nov-06,9.38,9.68,9.25,9.38,1238396
13-Nov-06,9.62,10.00,9.25,9.25,1766031
10-Nov-06,9.62,10.00,9.50,10.00,1182373
9-Nov-06,10.00,10.12,9.25,9.75,5629042
8-Nov-06,8.12,9.70,8.50,9.50,5720172
7-Nov-06,7.12,8.41,7.00,7.58,5153154
6-Nov-06,6.88,7.25,6.75,7.25,3653000
3-Nov-06,6.88,7.25,6.75,7.25,222500
2-Nov-06,6.88,6.88,6.88,6.88,500000
1-Nov-06,6.75,7.12,6.50,6.50,733671
31-Oct-06,6.75,7.00,6.50,6.50,1966000
30-Oct-06,6.50,6.90,6.25,6.50,762500
27-Oct-06,-,-,-,6.62,0
26-Oct-06,6.62,6.34,6.25,6.25,103360
25-Oct-06,6.75,6.75,6.25,6.62,551342
24-Oct-06,6.62,7.16,6.50,6.50,180000
23-Oct-06,6.62,7.00,6.25,7.00,60000
20-Oct-06,6.62,6.75,6.25,6.62,362072
19-Oct-06,-,-,-,6.62,0
18-Oct-06,-,-,-,6.62,0
17-Oct-06,6.38,6.91,6.25,6.25,217038
16-Oct-06,6.50,6.69,6.25,6.25,270813
13-Oct-06,6.62,6.91,6.25,6.62,736288
12-Oct-06,6.62,6.90,6.00,6.90,5658143
11-Oct-06,6.50,6.50,6.00,6.30,1280000
10-Oct-06,6.75,7.00,6.50,6.50,754770
9-Oct-06,7.00,6.84,6.50,6.50,120000
6-Oct-06,7.00,7.10,6.75,6.75,360000
5-Oct-06,7.00,7.20,6.75,7.10,600700
4-Oct-06,7.00,7.00,6.75,6.75,350000
3-Oct-06,-,-,-,7.00,0
2-Oct-06,6.88,6.50,6.50,6.50,300000
29-Sep-06,7.00,7.00,6.50,7.00,1100000
28-Sep-06,6.88,7.00,6.99,6.99,44000
27-Sep-06,7.25,7.00,6.00,7.00,153600
26-Sep-06,7.25,7.50,7.00,7.00,100000
25-Sep-06,7.38,7.38,7.25,7.38,197000
22-Sep-06,7.50,7.75,7.75,7.65,40000
21-Sep-06,7.62,7.34,7.00,7.34,215193
20-Sep-06,7.62,7.34,7.25,7.25,95000
19-Sep-06,7.50,7.50,7.50,7.50,200000
18-Sep-06,7.62,7.25,7.00,7.00,561877
15-Sep-06,7.75,8.00,7.50,7.62,1350000
14-Sep-06,7.88,8.00,7.50,7.50,1911925
13-Sep-06,7.88,8.25,7.75,8.25,269800
12-Sep-06,7.88,8.20,7.50,7.62,1284000
11-Sep-06,7.75,8.00,7.50,7.75,1965000
8-Sep-06,7.50,7.75,7.35,7.75,108332
7-Sep-06,7.25,7.38,7.25,7.25,270179
6-Sep-06,7.50,7.25,7.00,7.25,70000
5-Sep-06,7.50,7.75,7.25,7.25,227025
4-Sep-06,7.50,7.75,7.50,7.75,235000
1-Sep-06,7.50,7.57,7.35,7.57,34576
31-Aug-06,7.38,7.48,7.48,7.48,10000
30-Aug-06,7.12,7.55,7.00,7.25,340895
29-Aug-06,7.75,8.00,7.00,7.16,1280500
25-Aug-06,7.62,7.50,7.30,7.50,95000
24-Aug-06,7.50,7.70,7.50,7.50,145000
23-Aug-06,7.62,7.50,7.25,7.50,70000
22-Aug-06,7.62,7.75,7.75,7.75,10000
21-Aug-06,7.62,7.60,7.50,7.53,120000
18-Aug-06,7.88,8.12,7.50,7.50,305000
17-Aug-06,8.12,8.00,7.25,7.25,532000
16-Aug-06,8.62,8.90,7.75,8.25,336342
15-Aug-06,8.62,8.34,8.33,8.34,5262
14-Aug-06,-,-,-,8.62,0
11-Aug-06,8.25,8.12,8.08,8.00,108500
10-Aug-06,8.25,8.00,8.00,8.00,50000
9-Aug-06,8.50,8.38,7.87,8.25,1353480
8-Aug-06,8.50,8.75,8.25,8.25,255000
7-Aug-06,8.50,8.50,8.25,8.25,256022
4-Aug-06,9.00,8.75,8.25,8.25,140349
3-Aug-06,9.38,9.75,9.09,9.38,233825
2-Aug-06,9.38,9.50,9.00,9.10,105405
1-Aug-06,9.75,9.50,8.88,9.50,716553
31-Jul-06,9.75,9.50,9.00,9.50,396667
28-Jul-06,9.75,9.50,9.50,9.50,117135
27-Jul-06,9.75,10.00,9.90,9.90,500000
26-Jul-06,11.00,10.82,9.50,10.50,944390
25-Jul-06,10.88,11.25,10.50,10.50,986328
24-Jul-06,9.62,11.12,9.38,10.50,1825013
21-Jul-06,9.75,10.00,9.25,10.00,847000
20-Jul-06,9.62,10.00,9.25,9.25,300000
19-Jul-06,9.62,9.88,9.38,9.74,475300
18-Jul-06,9.62,10.00,9.38,9.62,82000
17-Jul-06,10.00,10.00,9.12,9.38,251884
14-Jul-06,10.12,10.25,9.84,10.25,636000
13-Jul-06,9.38,10.50,9.50,10.00,2389593
12-Jul-06,9.00,9.50,9.00,9.25,790000
11-Jul-06,9.38,9.50,8.73,9.00,1649410
10-Jul-06,8.38,9.66,8.83,8.88,1892725
7-Jul-06,7.00,8.50,6.75,7.50,2914000
6-Jul-06,6.88,7.25,6.50,7.25,1302562
5-Jul-06,6.75,6.88,6.50,6.50,918752
4-Jul-06,6.75,7.00,6.70,6.70,22928
3-Jul-06,6.75,7.00,6.62,6.62,581806
30-Jun-06,6.75,6.50,6.50,6.50,200000
29-Jun-06,6.75,6.50,6.25,6.50,250000
28-Jun-06,6.75,6.50,6.50,6.50,50000
27-Jun-06,6.75,6.50,6.50,6.50,145000
26-Jun-06,6.75,6.50,6.25,6.50,150000
23-Jun-06,6.75,6.62,6.50,6.50,351500
22-Jun-06,6.75,6.56,6.50,6.50,127462
21-Jun-06,6.75,6.50,6.50,6.50,50000
20-Jun-06,6.75,7.00,6.50,7.00,65000
19-Jun-06,6.75,6.50,6.50,6.50,100000
16-Jun-06,-,-,-,6.75,0
15-Jun-06,6.75,6.88,6.50,6.50,400702
14-Jun-06,6.75,6.50,6.00,6.50,750000
13-Jun-06,7.25,7.00,6.50,7.00,650000
12-Jun-06,7.25,7.12,6.50,7.12,700000
9-Jun-06,7.88,8.12,6.50,7.25,602500
8-Jun-06,8.00,8.16,6.50,6.50,516538
7-Jun-06,7.88,8.16,7.00,7.00,534662
6-Jun-06,7.88,7.75,7.75,7.75,167100
5-Jun-06,8.12,8.38,7.75,7.75,714824
2-Jun-06,8.12,8.25,7.75,8.00,341875
1-Jun-06,7.25,8.50,6.75,8.00,1560782
31-May-06,7.12,7.50,6.75,6.75,1550000
30-May-06,7.00,7.50,7.23,7.50,77157
26-May-06,7.00,7.38,7.00,7.38,316500
25-May-06,7.50,7.50,6.75,6.75,1610000
24-May-06,8.00,8.00,7.00,7.00,778500
23-May-06,8.38,8.75,7.75,7.75,2119000
22-May-06,8.25,8.50,7.76,7.88,799248
19-May-06,8.62,8.00,8.00,8.02,2420000
18-May-06,8.25,8.75,8.00,8.00,930000
17-May-06,9.00,9.00,8.25,8.50,2825000
16-May-06,9.00,9.05,8.25,8.50,322750
15-May-06,9.25,9.06,9.00,9.00,310570
12-May-06,9.25,9.50,9.17,9.17,95000
11-May-06,9.38,9.75,9.00,9.50,3210188
10-May-06,9.12,9.75,9.00,9.50,2273884
9-May-06,8.88,9.50,8.75,8.75,5758277
8-May-06,8.50,9.25,8.00,8.25,4907000
5-May-06,8.12,8.00,7.70,8.00,9237495
4-May-06,8.12,8.00,8.00,8.00,191500
3-May-06,8.12,8.25,8.00,8.12,61500
2-May-06,8.25,8.20,7.80,8.00,750000
28-Apr-06,8.25,8.12,8.12,8.12,12307
27-Apr-06,8.25,8.20,7.80,8.20,125000
26-Apr-06,8.38,8.20,7.75,8.20,170000
25-Apr-06,8.38,8.75,8.00,8.45,598750
24-Apr-06,8.88,8.50,8.50,8.50,221078
21-Apr-06,8.75,9.25,8.50,9.25,275000
20-Apr-06,8.75,8.56,8.56,8.56,16500
19-Apr-06,8.88,8.62,8.00,8.00,545143
18-Apr-06,8.88,8.59,8.50,8.50,69384
13-Apr-06,8.88,9.25,8.00,9.00,1125000
12-Apr-06,9.12,9.69,8.50,8.88,2162064
11-Apr-06,8.88,9.50,8.38,8.80,3443431
10-Apr-06,8.25,8.75,8.00,8.38,4300000
7-Apr-06,8.50,8.25,8.00,8.25,225000
6-Apr-06,8.25,8.65,7.50,7.50,1817841
5-Apr-06,8.25,8.00,7.50,7.50,200000
4-Apr-06,8.25,8.00,8.00,8.00,150000
3-Apr-06,8.25,8.30,8.00,8.00,1240000
31-Mar-06,8.25,8.25,7.50,7.50,215000
30-Mar-06,8.25,8.25,7.75,8.25,465153
29-Mar-06,9.12,9.00,8.00,8.00,1353570
28-Mar-06,9.12,9.00,9.00,9.00,25000
27-Mar-06,9.12,9.18,9.00,9.18,35000
24-Mar-06,9.12,9.00,9.00,9.00,50000
23-Mar-06,9.25,8.50,8.50,8.50,55000
22-Mar-06,9.25,9.00,9.00,9.00,61300
21-Mar-06,9.25,9.00,9.00,9.00,50000
20-Mar-06,9.50,9.00,9.00,9.00,250000
17-Mar-06,9.12,9.75,9.00,9.50,660000
16-Mar-06,9.00,9.50,8.50,8.75,3477000
15-Mar-06,9.00,9.00,8.50,9.00,143000
14-Mar-06,9.00,9.50,8.50,9.50,455000
13-Mar-06,8.88,9.45,8.25,9.25,320000
10-Mar-06,8.88,9.34,8.25,9.00,410000
9-Mar-06,8.75,9.25,8.25,8.25,912000
8-Mar-06,8.75,9.00,8.00,8.00,625590
7-Mar-06,8.38,9.20,8.00,8.25,1338126
6-Mar-06,7.88,8.90,7.50,7.88,4780371
3-Mar-06,7.88,7.90,7.50,7.50,1798614
2-Mar-06,7.88,7.88,7.50,7.88,526000
1-Mar-06,7.88,7.88,7.50,7.50,150000
28-Feb-06,7.88,8.00,7.50,7.50,232960
27-Feb-06,7.88,7.50,7.50,7.50,40000
24-Feb-06,7.88,7.60,7.60,7.60,137500
23-Feb-06,7.88,7.50,7.50,7.50,250000
22-Feb-06,8.25,7.97,7.75,7.97,130000
21-Feb-06,8.50,8.50,7.76,7.76,316150
20-Feb-06,9.00,8.70,8.00,8.01,765429
17-Feb-06,9.00,9.25,8.50,8.50,124500
16-Feb-06,9.50,9.00,9.00,9.00,43000
15-Feb-06,9.50,9.75,9.00,9.00,94700
14-Feb-06,9.50,9.80,8.50,9.00,350972
13-Feb-06,8.88,9.25,8.50,8.50,290000
10-Feb-06,8.88,9.00,8.88,9.00,612600
9-Feb-06,8.88,8.88,8.50,8.50,134152
8-Feb-06,8.88,9.12,8.50,8.50,1115000
7-Feb-06,9.25,9.16,8.50,8.50,1079308
6-Feb-06,9.25,9.25,9.00,9.00,303656
3-Feb-06,9.25,9.50,9.00,9.50,1055000
2-Feb-06,9.25,9.25,9.00,9.25,250000
1-Feb-06,9.25,9.50,9.00,9.00,1537141
31-Jan-06,9.25,9.50,9.00,9.00,737000
30-Jan-06,9.25,9.30,9.00,9.00,291576
27-Jan-06,9.25,9.25,9.00,9.00,250000
26-Jan-06,9.25,9.38,9.00,9.00,500000
25-Jan-06,9.25,9.50,8.50,9.50,1165000
24-Jan-06,9.38,9.66,9.00,9.00,730527
23-Jan-06,8.88,9.75,8.50,9.75,1250500
20-Jan-06,7.50,9.50,7.00,8.50,3031000
19-Jan-06,7.50,7.70,7.00,7.00,715000
18-Jan-06,-,-,-,7.50,0
17-Jan-06,7.75,7.50,7.00,7.00,208129
16-Jan-06,8.00,7.60,7.50,7.50,564205
13-Jan-06,-,-,-,8.00,0
12-Jan-06,8.00,8.20,7.75,7.76,114800
11-Jan-06,8.00,8.40,7.50,7.50,523271
10-Jan-06,8.12,8.40,7.50,8.40,631529
9-Jan-06,8.12,8.25,7.75,8.25,605000
6-Jan-06,8.12,8.75,7.65,7.75,343884
5-Jan-06,7.50,8.50,7.25,8.00,621453
4-Jan-06,7.12,7.38,7.00,7.38,786849
3-Jan-06,6.75,7.38,7.00,7.38,2260000
30-Dec-05,6.62,7.25,7.20,7.25,200000
29-Dec-05,-,-,-,6.62,0
28-Dec-05,6.62,6.75,6.75,6.75,100000
23-Dec-05,6.88,7.25,6.75,7.25,175000
22-Dec-05,6.88,7.25,6.75,7.00,680000
21-Dec-05,6.88,7.25,6.25,6.75,1502162
20-Dec-05,6.62,7.50,6.25,7.00,1965100
19-Dec-05,-,-,-,6.62,0
16-Dec-05,-,-,-,6.62,0
15-Dec-05,6.50,7.00,6.25,6.25,118500
14-Dec-05,-,-,-,6.50,0
13-Dec-05,7.50,7.00,6.50,6.50,2070054
12-Dec-05,-,-,-,7.50,0
9-Dec-05,7.50,7.88,6.88,7.00,1785700
8-Dec-05,7.50,7.70,7.00,7.70,75590
7-Dec-05,7.50,7.40,7.00,7.00,688798
6-Dec-05,7.50,7.62,7.00,7.00,650000
5-Dec-05,7.50,7.62,7.00,7.00,300000
2-Dec-05,7.75,7.00,7.00,7.00,1607059
1-Dec-05,8.00,8.00,7.00,7.00,965000
30-Nov-05,8.00,8.50,6.93,7.50,2563560
29-Nov-05,8.00,8.25,7.50,7.50,135000
28-Nov-05,8.00,8.50,7.75,7.75,72059
25-Nov-05,8.00,7.75,7.50,7.50,989000
24-Nov-05,8.00,7.50,7.38,7.50,1000000
23-Nov-05,8.25,8.00,7.25,8.00,3905800
22-Nov-05,-,-,-,8.25,0
21-Nov-05,8.38,8.00,8.00,8.00,70000
18-Nov-05,8.38,8.50,8.00,8.00,649997
17-Nov-05,8.62,8.25,8.25,8.25,300000
16-Nov-05,-,-,-,8.62,0
15-Nov-05,8.62,8.75,8.38,8.38,1125000
14-Nov-05,8.62,8.50,8.50,8.50,500000
11-Nov-05,-,-,-,8.62,0
10-Nov-05,-,-,-,8.62,0
9-Nov-05,8.88,9.25,8.25,8.25,1062444
8-Nov-05,8.25,8.75,8.00,8.25,3191050
7-Nov-05,8.50,8.50,8.00,8.00,125276
4-Nov-05,8.50,9.00,8.12,8.38,991300
3-Nov-05,8.50,9.00,8.00,9.00,3178000
2-Nov-05,8.50,9.00,8.00,8.40,850000
1-Nov-05,8.50,8.65,8.00,8.00,402000
31-Oct-05,-,-,-,8.50,0
28-Oct-05,8.50,8.50,8.38,8.38,850000
27-Oct-05,8.50,8.00,8.00,8.00,40000
26-Oct-05,8.50,8.40,8.40,8.40,3000
25-Oct-05,8.50,9.00,9.00,9.00,50000
24-Oct-05,8.88,9.00,8.01,9.00,208000
21-Oct-05,9.25,9.00,8.75,9.00,750000
20-Oct-05,9.25,9.25,9.00,9.00,27100
19-Oct-05,9.25,9.06,9.00,9.00,82500
18-Oct-05,9.25,9.00,9.00,9.00,150000
17-Oct-05,9.25,9.20,9.00,9.00,34000
14-Oct-05,-,-,-,9.25,0
13-Oct-05,-,-,-,9.25,0
12-Oct-05,9.25,9.12,9.00,9.00,500000
11-Oct-05,9.25,9.12,9.00,9.12,269000
10-Oct-05,9.00,9.50,8.75,9.22,888750
7-Oct-05,-,-,-,9.00,0
6-Oct-05,9.12,9.41,8.62,9.12,1764710
5-Oct-05,9.38,9.00,8.75,9.00,2253019
4-Oct-05,9.12,9.20,9.00,9.00,1020000
3-Oct-05,9.12,9.25,8.84,8.84,18352
30-Sep-05,-,-,-,9.12,0
29-Sep-05,9.00,9.30,8.75,8.75,2987881
28-Sep-05,9.00,9.50,8.50,9.00,1633710
27-Sep-05,9.50,9.00,8.25,9.00,131135
26-Sep-05,9.50,9.60,9.00,9.60,251000
23-Sep-05,9.50,9.50,9.12,9.12,271500
22-Sep-05,9.50,9.62,9.25,9.25,190000
21-Sep-05,9.75,9.80,9.00,9.25,2849997
20-Sep-05,9.50,10.00,9.50,9.50,1200000
19-Sep-05,9.00,9.38,8.50,9.38,1150000
16-Sep-05,9.25,9.12,8.50,9.00,2784900
15-Sep-05,8.75,9.62,8.50,9.00,1845407
14-Sep-05,9.00,9.25,8.50,8.50,1413750
13-Sep-05,10.00,10.00,8.50,9.50,2940466
12-Sep-05,10.75,10.25,10.00,10.00,685120
9-Sep-05,12.25,11.50,9.25,11.00,3164794
8-Sep-05,7.50,13.00,7.25,11.80,8014435
7-Sep-05,7.00,7.50,6.75,7.50,2855000
6-Sep-05,7.00,7.12,6.50,6.50,1185000
5-Sep-05,6.25,7.25,6.00,6.75,4081900
2-Sep-05,6.00,6.25,5.50,6.00,2101510
1-Sep-05,6.00,5.50,5.50,5.50,12000
31-Aug-05,6.00,5.88,5.88,5.88,6792
30-Aug-05,6.00,6.10,5.50,5.50,406250
26-Aug-05,6.00,5.50,5.50,5.50,50000
25-Aug-05,6.00,5.62,5.62,5.62,16000
24-Aug-05,6.00,6.00,6.00,6.00,40000
23-Aug-05,6.00,6.38,5.50,5.50,600000
22-Aug-05,6.00,6.50,6.00,6.00,612000
19-Aug-05,6.00,6.12,5.50,6.12,309494
18-Aug-05,5.75,6.12,5.50,5.50,325000
17-Aug-05,6.00,5.90,5.62,5.90,105000
16-Aug-05,6.50,6.00,5.75,6.00,150000
15-Aug-05,6.50,6.50,6.12,6.12,890000
12-Aug-05,6.50,6.50,6.38,6.50,675000
11-Aug-05,6.50,6.38,6.38,6.38,100000
10-Aug-05,6.50,6.38,6.38,6.38,250000
9-Aug-05,6.50,6.50,6.00,6.50,484000
8-Aug-05,6.50,6.50,6.00,6.00,435000
5-Aug-05,6.50,6.38,6.00,6.00,462500
4-Aug-05,6.50,6.50,5.94,5.94,300000
3-Aug-05,6.50,6.30,6.12,6.12,725000
2-Aug-05,6.38,6.50,6.00,6.50,755000
1-Aug-05,6.25,6.20,6.00,6.00,176726
29-Jul-05,6.38,6.00,6.00,6.00,25000
28-Jul-05,6.75,6.95,6.25,6.25,872233
27-Jul-05,6.12,7.25,5.84,7.25,881684
26-Jul-05,5.75,6.12,5.75,5.75,700000
25-Jul-05,5.75,5.75,5.50,5.50,900000
22-Jul-05,-,-,-,5.75,0
21-Jul-05,5.75,5.62,5.50,5.50,300000
20-Jul-05,6.12,6.12,5.25,5.50,1455000
19-Jul-05,5.75,6.50,5.50,6.00,578000
18-Jul-05,6.00,6.00,5.50,5.88,937000
15-Jul-05,5.75,5.75,5.37,5.50,910000
14-Jul-05,5.75,5.75,5.25,5.50,3150000
13-Jul-05,5.62,6.00,5.25,5.50,1434986
12-Jul-05,5.50,6.00,5.25,5.75,3383000
11-Jul-05,-,-,-,5.50,0
8-Jul-05,-,-,-,5.50,0
7-Jul-05,5.50,5.75,5.00,5.75,395000
6-Jul-05,6.50,6.25,5.62,5.70,897543
5-Jul-05,6.38,6.88,5.87,6.00,2783024
4-Jul-05,5.50,5.62,5.00,5.25,1985304
1-Jul-05,5.50,5.75,5.00,5.00,625000
30-Jun-05,5.00,6.00,5.00,5.62,1490500
29-Jun-05,4.75,5.25,4.75,4.75,613452
28-Jun-05,4.75,5.25,5.13,5.25,133550
27-Jun-05,4.62,5.00,4.25,4.37,253263
24-Jun-05,4.25,5.00,4.12,4.75,2971102
23-Jun-05,3.75,4.50,3.60,4.00,8202262
22-Jun-05,3.75,3.95,3.40,3.50,6537986
21-Jun-05,3.75,4.24,3.25,4.24,6992796
20-Jun-05,3.25,3.88,3.25,3.25,8775000
17-Jun-05,3.25,3.35,3.00,3.00,1360000
16-Jun-05,-,-,-,3.25,0
15-Jun-05,3.25,3.50,3.00,3.50,1385714
14-Jun-05,3.25,3.35,3.00,3.25,974500
13-Jun-05,3.25,3.50,2.87,3.25,4632158
10-Jun-05,3.25,3.60,3.60,3.60,261000
9-Jun-05,-,-,-,3.25,0
8-Jun-05,-,-,-,3.25,0
7-Jun-05,-,-,-,3.25,0
6-Jun-05,-,-,-,3.25,0
3-Jun-05,3.25,3.50,2.87,3.00,2400000
2-Jun-05,-,-,-,3.25,0
1-Jun-05,-,-,-,3.25,0
31-May-05,3.25,2.75,2.75,2.75,150000
27-May-05,-,-,-,3.25,0
26-May-05,-,-,-,3.25,0
25-May-05,-,-,-,3.25,0
24-May-05,3.25,3.00,3.00,3.00,250000
23-May-05,3.12,3.52,2.75,2.75,2074500
20-May-05,3.12,2.85,2.85,2.85,100000
19-May-05,3.12,2.75,2.75,2.75,27190
18-May-05,-,-,-,3.12,0
17-May-05,3.12,3.00,3.00,3.00,6765
16-May-05,3.25,3.50,2.50,3.50,181765
13-May-05,3.25,3.25,3.00,3.00,200000
12-May-05,-,-,-,3.25,0
11-May-05,3.25,3.25,3.10,3.25,175000
10-May-05,-,-,-,3.25,0
9-May-05,3.12,3.00,2.75,3.00,409130
6-May-05,3.12,2.50,2.50,2.50,64516
5-May-05,-,-,-,3.12,0
4-May-05,3.12,2.75,2.75,2.75,10000
3-May-05,-,-,-,3.12,0
29-Apr-05,-,-,-,3.12,0
28-Apr-05,-,-,-,3.38,0
27-Apr-05,3.38,3.03,3.03,3.03,34070
26-Apr-05,3.38,3.50,3.50,3.50,24570
25-Apr-05,3.38,3.03,3.00,3.00,104000
22-Apr-05,3.38,3.05,3.00,3.00,84808
21-Apr-05,3.75,3.50,2.25,3.25,202842
20-Apr-05,3.50,3.38,3.00,3.38,190000
19-Apr-05,3.38,3.00,3.00,3.00,300000
18-Apr-05,3.38,3.38,3.38,3.38,14814
14-Apr-05,-,-,-,2.75,0
13-Apr-05,-,-,-,2.62,0
7-Apr-05,-,-,-,3.12,0
6-Apr-05,3.00,3.00,3.00,3.00,6000000
5-Apr-05,2.75,3.12,2.88,2.88,11150000
4-Apr-05,2.75,3.12,3.00,3.12,9000000
1-Apr-05,2.88,3.00,2.75,2.76,185762
31-Mar-05,3.00,3.00,2.90,2.90,649482
30-Mar-05,2.75,2.90,2.90,2.90,3019
29-Mar-05,2.38,2.95,2.30,2.75,787544
24-Mar-05,2.38,2.28,2.28,2.28,625
23-Mar-05,-,-,-,2.38,0
22-Mar-05,2.75,2.50,2.25,2.50,5600625
21-Mar-05,2.75,2.37,2.37,2.37,1250
18-Mar-05,2.75,2.65,2.50,2.65,2250000
17-Mar-05,2.75,3.00,2.62,2.65,401384
16-Mar-05,-,-,-,2.75,0
15-Mar-05,2.25,2.75,2.25,2.38,1965000
14-Mar-05,2.25,2.00,2.00,2.00,3000000
11-Mar-05,2.50,2.38,2.06,2.06,71262
10-Mar-05,2.50,3.63,2.00,2.00,55279363
