,Daily Returns,Total Returns,Funds,Portfolio Value,A Position,A Order,A Filled Order,A Trade Price,A Cost to Trade,A PnL,AAPL Position,AAPL Order,AAPL Filled Order,AAPL Trade Price,AAPL Cost to Trade,AAPL PnL,AEG Position,AEG Order,AEG Filled Order,AEG Trade Price,AEG Cost to Trade,AEG PnL,AIN Position,AIN Order,AIN Filled Order,AIN Trade Price,AIN Cost to Trade,AIN PnL,AIR Position,AIR Order,AIR Filled Order,AIR Trade Price,AIR Cost to Trade,AIR PnL
2016-11-04,-0.16191995,14.21767575,1149523.9475,1142176.7575,0,0.0,0,43.69,0.0,0.0,-4291,259.0,259,108.53,50.6345,4534.1555,0,0.0,0,4.25,0.0,-0.0,0,0.0,0,38.8,0.0,0.0,-17697,-1091.0,-1091,31.55,136.375,-6153.355
2016-11-03,0.364368,14.3795957,1142714.957,1143795.957,0,0.0,0,43.33,0.0,0.0,-4550,145.0,145,110.98,22.62,8073.83,0,0.0,0,4.31,0.0,0.0,0,0.0,0,38.7,0.0,-0.0,-16606,-834.0,-834,31.3,120.93,-4430.15
2016-11-02,1.0425722,14.0152277,1132369.727,1140152.277,0,0.0,0,43.47,0.0,-0.0,-4695,156.0,156,111.4,40.872,-496.332,0,0.0,0,4.29,0.0,-0.0,0,0.0,0,38.55,0.0,0.0,-15772,-939.0,-939,31.84,125.826,10922.054
2016-11-01,1.2514599,12.9726555,1114236.885,1129726.555,0,0.0,0,43.73,0.0,0.0,-4851,192.0,192,113.46,29.088,9930.822,0,0.0,0,4.37,0.0,0.0,0,0.0,0,40.5,0.0,-0.0,-14833,-581.0,-581,32.4,71.463,2583.777
2016-10-31,-0.39739245,11.7211956,1120077.706,1117211.956,0,0.0,0,43.33,0.0,0.0,-5043,184.0,184,113.65,34.592,886.028,0,0.0,0,4.34,0.0,0.0,0,0.0,0,40.2,0.0,0.0,-14252,-865.0,-865,31.93,100.7725,-4859.9525
2016-10-28,0.6064286,12.11858805,1118795.3905,1121185.8805,0,0.0,0,43.38,0.0,0.0,-5227,153.0,153,113.87,28.764,4037.086,0,0.0,0,4.39,0.0,-0.0,0,0.0,0,40.35,0.0,-0.0,-13387,-717.0,-717,31.95,86.04,2027.2
2016-10-27,0.54289595,11.51215945,1110099.0945,1115121.5945,0,0.0,0,43.97,0.0,0.0,-5380,24.0,24,115.39,5.268,5971.332,0,0.0,0,4.38,0.0,0.0,0,0.0,0,40.75,0.0,0.0,-12670,-459.0,-459,32.0,58.5225,-542.3725
2016-10-26,1.4035028,10.9692635,1119174.065,1109692.635,0,0.0,0,43.42,0.0,-0.0,-5404,5.0,5,114.31,0.7625,14393.5775,0,0.0,0,4.32,0.0,0.0,0,0.0,0,41.2,0.0,-0.0,-12211,171.0,171,31.74,22.9995,-358.5495
2016-10-25,-0.3810458,9.5657607,1095051.547,1095657.607,0,0.0,0,45.26,0.0,-0.0,-5409,-46.0,-46,117.95,6.302,-3237.902,0,0.0,0,4.28,0.0,0.0,0,0.0,0,41.95,0.0,-0.0,-12382,588.0,588,32.1,77.616,-572.556
2016-10-24,-1.0425974,9.9468065,1104882.015,1099468.065,0,0.0,0,45.88,0.0,0.0,-5363,-166.0,-166,117.1,21.829,-5569.979,0,0.0,0,4.29,0.0,0.0,0,0.0,0,41.65,0.0,0.0,-12970,630.0,630,31.7,79.695,-4855.995
2016-10-21,0.3580656,10.9894039,1113018.669,1109894.039,0,0.0,0,45.67,0.0,-0.0,-5197,-144.0,-144,116.81,21.96,2332.66,0,0.0,0,4.17,0.0,0.0,0,0.0,0,40.8,0.0,0.0,-13600,597.0,597,31.22,72.834,1247.996
2016-10-20,0.2007443,10.6313383,1109311.563,1106313.383,0,0.0,0,46.0,0.0,0.0,-5053,-61.0,-61,116.86,18.178,269.142,0,0.0,0,4.2,0.0,0.0,0,0.0,0,41.4,0.0,-0.0,-14197,253.0,253,31.47,31.119,1738.301
2016-10-19,0.2177166,10.430594,1100188.98,1104305.94,0,0.0,0,45.41,0.0,0.0,-4992,-68.0,-68,117.25,9.384,1722.856,0,0.0,0,4.17,0.0,0.0,0,0.0,0,41.65,0.0,0.0,-14450,372.0,372,31.97,49.29,454.31
2016-10-18,-0.0694415,10.2128774,1093741.474,1102128.774,0,0.0,0,45.7,0.0,0.0,-4924,-28.0,-28,118.18,4.284,407.276,0,0.0,0,4.15,0.0,0.0,0,0.0,0,41.7,0.0,0.0,-14822,669.0,669,32.1,106.371,-1101.691
2016-10-17,-1.5325963,10.2823189,1119701.129,1102823.189,0,0.0,0,45.08,0.0,0.0,-4896,-69.0,-69,117.33,10.488,360.492,0,0.0,0,4.15,0.0,0.0,0,0.0,0,41.1,0.0,0.0,-15491,306.0,306,30.7,43.605,-15686.455
2016-10-14,0.08557235,11.8149152,1109517.812,1118149.152,0,0.0,0,45.38,0.0,0.0,-4827,-69.0,-69,117.88,12.834,-3088.284,0,0.0,0,4.13,0.0,0.0,0,0.0,0,41.49,0.0,0.0,-15797,15.0,15,31.18,1.9425,3944.0075
2016-10-13,1.0317849,11.72934285,1114402.5685,1117293.4285,0,0.0,0,44.84,0.0,0.0,-4758,4.0,4,116.79,0.646,1714.434,0,0.0,0,4.04,0.0,-0.0,0,0.0,0,41.18,0.0,0.0,-15812,390.0,390,31.2,52.065,8603.415
2016-10-12,-1.11033025,10.69755795,1111140.4795,1106975.5795,0,0.0,0,45.78,0.0,0.0,-4762,-19.0,-19,117.35,4.2655,-4936.7955,0,0.0,0,4.26,0.0,0.0,0,0.0,0,40.92,0.0,0.0,-16202,38.0,38,31.24,5.187,-6166.507
2016-10-11,0.3115169,11.8078882,1106566.682,1118078.882,0,0.0,0,47.19,0.0,-0.0,-4743,26.0,26,117.7,5.239,-1233.889,0,0.0,0,4.13,0.0,0.0,0,0.0,0,41.77,0.0,-0.0,-16240,222.0,222,31.42,29.082,4349.058
2016-10-10,-0.87945765,11.4963713,1113949.463,1114963.713,0,0.0,0,47.58,0.0,0.0,-4769,-5.0,-5,115.02,0.7625,-9486.2725,0,0.0,0,4.1,0.0,-0.0,0,0.0,0,41.97,0.0,0.0,-16462,-192.0,-192,31.75,28.224,691.696
2016-10-07,0.82515275,12.37582895,1112479.8895,1123758.2895,0,0.0,0,47.33,0.0,0.0,-4764,85.0,85,114.31,13.6425,-859.2225,0,0.0,0,4.17,0.0,0.0,0,0.0,0,42.52,0.0,-0.0,-16270,-6.0,-6,32.05,0.81,9110.75
2016-10-06,-0.9011583,11.5506762,1120981.992,1115506.762,0,0.0,0,47.01,0.0,0.0,-4849,70.0,70,113.7,10.395,-4129.055,0,0.0,0,4.21,0.0,0.0,0,0.0,0,42.68,0.0,-0.0,-16264,-32.0,-32,31.71,3.968,-4882.528
2016-10-05,-0.647455,12.4518345,1126205.415,1124518.345,0,0.0,0,47.04,0.0,0.0,-4919,49.0,49,113.4,9.016,-274.566,0,0.0,0,4.1,0.0,0.0,0,0.0,0,42.57,0.0,0.0,-16232,104.0,104,31.48,14.144,-6199.984
2016-10-04,-0.83129225,13.0992895,1135758.975,1130992.895,0,0.0,0,47.07,0.0,-0.0,-4968,25.0,25,113.06,3.4625,-2401.6025,0,0.0,0,3.9,0.0,0.0,0,0.0,0,42.14,0.0,0.0,-16336,-345.0,-345,31.0,47.61,-5911.32
2016-10-03,0.85965655,13.93058175,1134679.2175,1139305.8175,0,0.0,0,46.82,0.0,0.0,-4993,214.0,214,112.71,38.199,2680.851,0,0.0,0,3.85,0.0,0.0,0,0.0,0,42.05,0.0,-0.0,-15991,-3.0,-3,31.18,0.5355,5915.7145
2016-09-30,-2.5776959,13.0709252,1153286.742,1130709.252,0,0.0,0,46.5,0.0,0.0,-5207,238.0,238,112.46,47.6,-4644.33,0,0.0,0,3.83,0.0,0.0,0,0.0,0,42.16,0.0,0.0,-15988,-1162.0,-1162,30.1,144.669,-21132.629
2016-09-29,0.6625203,15.6486211,1153967.051,1156486.211,0,0.0,0,47.05,0.0,-0.0,-5445,339.0,339,113.16,54.4095,9851.0505,0,0.0,0,3.89,0.0,-0.0,0,0.0,0,42.12,0.0,0.0,-14826,-999.0,-999,29.81,132.3675,-3225.8475
2016-09-28,-1.1442496,14.9861008,1156066.028,1149861.008,0,0.0,0,46.9,0.0,0.0,-5784,316.0,316,113.69,44.872,-5208.712,0,0.0,0,3.9,0.0,0.0,0,0.0,0,41.88,0.0,0.0,-13827,-1108.0,-1108,29.45,133.514,-6233.784
2016-09-27,-0.5236807,16.1303504,1163633.164,1161303.504,0,0.0,0,46.53,0.0,0.0,-6100,116.0,116,113.0,22.272,-1317.192,0,0.0,0,3.77,0.0,0.0,0,0.0,0,41.55,0.0,0.0,-12719,-665.0,-665,29.2,89.775,-3919.615
2016-09-26,0.63774065,16.6540311,1168100.611,1166540.311,0,0.0,0,46.46,0.0,0.0,-6216,209.0,209,111.64,54.758,-887.848,0,0.0,0,3.92,0.0,-0.0,0,0.0,0,41.62,0.0,0.0,-12054,-1029.0,-1029,29.54,205.2855,7265.2545
2016-09-23,0.5571334,16.01629045,1145427.6545,1160162.9045,0,0.0,0,46.43,0.0,0.0,-6425,274.0,274,114.42,40.278,12286.272,0,0.0,0,4.01,0.0,0.0,0,0.0,0,42.63,0.0,-0.0,-11025,-536.0,-536,30.0,79.328,-6714.938
2016-09-22,-1.76607375,15.45915705,1163847.4905,1154591.5705,0,0.0,0,46.38,0.0,0.0,-6699,516.0,516,114.35,91.59,-7672.32,0,0.0,0,4.02,0.0,0.0,0,0.0,0,41.55,0.0,0.0,-10489,-1985.0,-1985,28.3,245.1475,-9988.4175
2016-09-21,-0.5013255,17.2252308,1172553.968,1172252.308,0,0.0,0,45.98,0.0,0.0,-7215,-626.0,-626,113.85,112.993,206.587,0,0.0,0,3.9,0.0,0.0,0,4030.0,4030,40.68,552.11,-1358.11,-8504,-3964.0,-3964,27.74,487.572,-3861.732
2016-09-20,-0.42220215,17.7265563,1178483.543,1177265.563,0,0.0,0,45.33,0.0,0.0,-6589,-3274.0,-3274,113.05,807.041,-2476.371,0,0.0,0,3.81,0.0,0.0,-4030,10953.0,10953,40.69,1736.0505,-2537.8805,-4540,-4540.0,-4540,27.84,569.77,792.23
2016-09-19,-0.14659715,18.14875845,1176599.9245,1181487.5845,0,0.0,0,44.9,0.0,0.0,-3315,-3315.0,-3315,115.19,677.9175,4659.2325,0,0.0,0,3.77,0.0,0.0,-14983,8094.0,8094,40.55,1060.314,-6125.204,0,0.0,0,27.61,0.0,0.0
2016-09-16,1.1802901,18.2953556,1176491.996,1182953.556,0,0.0,0,45.39,0.0,-0.0,0,0.0,0,115.12,0.0,-0.0,0,0.0,0,3.74,0.0,0.0,-23077,398.0,398,40.63,57.909,11802.901,0,0.0,0,28.08,0.0,0.0
2016-09-15,-1.9276202,17.1150655,1188756.905,1171150.655,0,0.0,0,44.86,0.0,0.0,0,0.0,0,113.86,0.0,0.0,0,0.0,0,3.81,0.0,0.0,-23475,-316.0,-316,40.11,48.822,-19276.202,0,0.0,0,27.47,0.0,0.0
2016-09-14,1.66619845,19.0426857,1172131.247,1190426.857,0,598.0,598,45.01,84.019,-149.799,0,0.0,0,108.73,0.0,0.0,0,0.0,0,3.82,0.0,-0.0,-23159,-869.0,-869,40.83,146.4265,16811.7835,0,0.0,0,27.51,0.0,0.0
2016-09-13,1.1745173,17.37648725,1170146.2925,1173764.8725,-598,4383.0,4383,45.36,731.961,1485.709,0,0.0,0,107.51,0.0,0.0,0,0.0,0,3.93,0.0,-0.0,-22290,-4508.0,-4508,40.92,730.296,10259.464,0,0.0,0,27.84,0.0,-0.0
2016-09-12,-1.4596606,16.20196995,1184690.5595,1162019.6995,-4981,1888.0,1888,44.59,345.504,-4131.454,0,0.0,0,102.65,0.0,0.0,0,0.0,0,3.97,0.0,0.0,-17782,-2944.0,-2944,40.4,546.112,-10465.152,0,0.0,0,27.51,0.0,0.0
2016-09-09,4.5023531,17.66163055,1141382.2755,1176616.3055,-6869,694.0,694,46.51,77.034,14976.566,0,0.0,0,104.64,0.0,-0.0,0,0.0,0,4.12,0.0,0.0,-14838,-890.0,-890,42.49,127.715,30046.965,0,0.0,0,28.31,0.0,-0.0
2016-09-08,0.7696747,13.15927745,1123682.7045,1131592.7745,-7563,562.0,562,47.07,64.911,638.239,0,0.0,0,107.25,0.0,-0.0,0,0.0,0,4.02,0.0,0.0,-13948,-509.0,-509,43.47,70.242,7058.508,0,0.0,0,28.59,0.0,0.0
2016-09-07,-0.39922125,12.38960275,1129462.2375,1123896.0275,-8125,219.0,219,47.07,26.1705,-1352.4505,0,0.0,0,107.83,0.0,0.0,0,0.0,0,4.1,0.0,-0.0,-13439,-257.0,-257,43.05,34.952,-2639.762,0,0.0,0,28.53,0.0,0.0
2016-09-06,0.2366478,12.788824,1125800.86,1127888.24,-8344,380.0,380,46.9,47.5,407.7,0,0.0,0,107.9,0.0,0.0,0,0.0,0,4.1,0.0,0.0,-13182,-189.0,-189,43.44,26.082,1958.778,0,0.0,0,29.01,0.0,-0.0
2016-09-02,-0.97877555,12.5521762,1129102.232,1125521.762,-8724,377.0,377,47.23,45.4285,-223.1485,0,0.0,0,107.7,0.0,0.0,0,0.0,0,4.11,0.0,0.0,-12993,-298.0,-298,42.97,42.167,-9564.607,0,0.0,0,26.57,0.0,0.0
2016-09-01,-0.44533645,13.53095175,1138246.1775,1135309.5175,-9101,-27.0,-27,47.03,3.213,-92.873,0,0.0,0,106.14,0.0,0.0,0,-2195.0,-2195,4.13,229.3775,-141.5775,-12695,-389.0,-389,42.4,56.794,-4218.914,0,0.0,0,24.6,0.0,0.0
2016-08-31,0.9157542,13.9762882,1123854.212,1139762.882,-9074,-51.0,-51,47.12,6.9615,1443.8585,0,0.0,0,105.66,0.0,0.0,2195,-3259.0,-3259,4.13,337.3065,447.5335,-12306,-435.0,-435,42.79,56.55,7266.15,0,0.0,0,24.64,0.0,-0.0
2016-08-30,0.6522461,13.060534,1102005.51,1130605.34,-9023,-68.0,-68,47.66,8.772,4324.988,0,0.0,0,105.8,0.0,0.0,5454,-2319.0,-2319,3.92,238.857,189.303,-11871,-90.0,-90,43.12,11.7,2008.17,0,0.0,0,24.69,0.0,0.0
2016-08-29,-0.4213888,12.4082879,1097764.539,1124082.879,-8955,-201.0,-201,47.45,27.336,-2687.706,0,0.0,0,106.62,0.0,0.0,7773,-1915.0,-1915,3.84,206.82,259.56,-11781,-83.0,-83,42.89,13.612,-1785.742,0,0.0,0,24.45,0.0,0.0
2016-08-26,0.5126342,12.8296767,1084574.967,1128296.767,-8754,173.0,173,47.41,24.3065,-575.4965,0,0.0,0,107.41,0.0,-0.0,9688,-1753.0,-1753,3.88,179.6825,-796.0225,-11698,-258.0,-258,43.44,34.959,6497.861,0,0.0,0,24.83,0.0,0.0
2016-08-25,-0.59727125,12.3170425,1084732.655,1123170.425,-8927,15.0,15,46.67,2.3925,-5001.0625,0,0.0,0,107.39,0.0,0.0,11441,-1590.0,-1590,3.86,162.975,-878.125,-11440,-430.0,-430,43.43,59.125,-93.525,0,0.0,0,24.58,0.0,0.0
2016-08-24,1.2188244,12.91431375,1067159.9075,1129143.1375,-8942,60.0,60,47.74,7.2,10012.64,0,0.0,0,108.56,0.0,-0.0,13031,-2092.0,-2092,3.98,214.43,-756.59,-11010,-129.0,-129,43.62,19.866,2932.194,0,0.0,0,24.62,0.0,0.0
2016-08-23,-0.8398393,11.69548935,1064170.5235,1116954.8935,-9002,-134.0,-134,47.73,16.549,-2156.929,0,0.0,0,108.59,0.0,0.0,15123,-2701.0,-2701,4.01,275.502,1382.678,-10881,-122.0,-122,43.16,17.202,-7624.142,0,0.0,0,23.84,0.0,0.0
2016-08-22,-0.184626,12.53532865,1057332.9065,1125353.2865,-8868,12.0,12,47.63,1.932,352.668,0,0.0,0,108.86,0.0,-0.0,17824,-3410.0,-3410,3.9,352.935,-565.275,-10759,-123.0,-123,42.9,16.113,-1633.653,0,0.0,0,23.81,0.0,-0.0
2016-08-19,-1.4275731,12.71995465,1057132.4065,1127199.5465,-8880,-76.0,-76,46.58,12.35,-8014.99,0,0.0,0,108.77,0.0,0.0,21234,-5327.0,-5327,3.86,546.0175,-4530.9075,-10636,-701.0,-701,42.58,93.5835,-1729.8335,0,0.0,0,23.75,0.0,0.0
2016-08-18,0.77002995,14.14752775,1033984.8375,1141475.2775,-8804,-159.0,-159,46.88,20.2725,14788.1175,0,0.0,0,109.23,0.0,0.0,26561,-7528.0,-7528,4.02,835.608,-6515.688,-9935,-692.0,-692,42.64,98.61,-572.13,0,0.0,0,23.42,0.0,0.0
2016-08-17,-0.1812277,13.3774978,988161.568,1133774.978,-8645,-468.0,-468,48.63,56.628,-1189.578,0,0.0,0,109.1,0.0,0.0,34089,-8610.0,-8610,4.12,882.525,50.535,-9243,-596.0,-596,42.79,91.784,-673.234,0,0.0,0,23.53,0.0,0.0
2016-08-16,0.32479725,13.5587255,954501.275,1135587.255,-8177,-184.0,-184,48.27,23.0,1254.04,0,0.0,0,109.63,0.0,0.0,42699,-6532.0,-6532,4.15,669.53,-2277.1,-8647,-475.0,-475,43.04,67.6875,4271.0325,0,0.0,0,23.9,0.0,-0.0
2016-08-15,-0.5551797,13.23392825,931404.5925,1132339.2825,-7993,-358.0,-358,48.17,44.75,-2431.91,0,0.0,0,108.14,0.0,0.0,49231,-7273.0,-7273,4.16,741.846,1227.394,-8172,-329.0,-329,42.74,42.441,-4347.281,0,0.0,0,23.74,0.0,0.0
2016-08-12,-0.82133025,13.78910795,903426.5195,1137891.0795,-7635,-449.0,-449,47.97,61.064,-209.254,0,0.0,0,107.78,0.0,0.0,56504,-12370.0,-12370,4.16,1298.85,-8874.99,-7843,-819.0,-819,42.75,115.8885,870.9415,0,0.0,0,23.7,0.0,0.0
2016-08-11,-1.08751135,14.6104382,856168.942,1146104.382,-7186,-825.0,-825,47.62,97.7625,-4462.3325,0,0.0,0,108.52,0.0,0.0,68874,-19194.0,-19194,4.33,1976.982,-5228.742,-7024,-1627.0,-1627,42.72,206.629,-1184.039,0,0.0,0,23.75,0.0,0.0
2016-08-10,0.6867168,15.69794955,775284.4255,1156979.4955,-6361,-2121.0,-2121,47.51,266.1855,-520.5855,0,0.0,0,108.71,0.0,-0.0,88068,-38685.0,-38685,4.3,3965.2125,6668.8575,-5397,-2596.0,-2596,42.86,354.354,718.896,0,0.0,0,24.14,0.0,0.0
2016-08-09,0.25213725,15.01123275,615388.7375,1150112.3275,-4240,-767.0,-767,47.11,97.0255,-1121.8655,0,0.0,0,108.23,0.0,0.0,126753,-27367.0,-27367,4.2,2818.801,4066.189,-2801,-2801.0,-2801,42.8,422.951,-422.951,0,0.0,0,24.3,0.0,0.0
2016-08-08,0.8880478,14.7590955,502188.535,1147590.955,-3473,2186.0,2186,47.57,266.692,461.408,0,0.0,0,107.52,0.0,0.0,154120,21138.0,21138,4.18,2219.49,8419.07,0,0.0,0,43.33,0.0,0.0,0,0.0,0,24.36,0.0,-0.0
2016-08-05,1.3830167,13.8710477,595691.287,1138710.477,-5659,1349.0,1349,47.1,174.6955,-4273.8655,0,0.0,0,106.27,0.0,0.0,132982,12087.0,12087,4.0,1238.9175,18104.0325,0,0.0,0,42.28,0.0,0.0,0,0.0,0,24.04,0.0,0.0
2016-08-04,0.2854575,12.488031,645032.42,1124880.31,-7008,1100.0,1100,47.16,125.4,1619.68,0,0.0,0,105.58,0.0,0.0,120895,10287.0,10287,3.94,1080.135,1234.895,0,0.0,0,41.54,0.0,0.0,0,0.0,0,23.93,0.0,-0.0
2016-08-03,0.55132095,12.2025735,687255.215,1122025.735,-8108,1132.0,1132,47.1,157.348,662.932,0,0.0,0,104.81,0.0,0.0,110608,9381.0,9381,3.85,961.5525,4850.2775,0,0.0,0,41.05,0.0,0.0,0,0.0,0,23.5,0.0,0.0
2016-08-02,-0.18013745,11.65125255,718854.5655,1116512.5255,-9240,160.0,160,47.71,19.92,6381.28,0,0.0,0,106.05,0.0,0.0,101227,-487.0,-487,3.89,50.4045,-8182.6545,0,0.0,0,42.07,0.0,-0.0,0,0.0,0,23.94,0.0,-0.0
2016-08-01,-1.11954485,11.83139,713270.46,1118313.9,-9400,-206.0,-206,48.11,29.046,2226.954,0,0.0,0,104.41,0.0,0.0,101714,-1157.0,-1157,4.02,118.5925,-13422.4025,0,0.0,0,42.44,0.0,0.0,0,0.0,0,24.1,0.0,-0.0
2016-07-29,0.37477045,12.95093485,714467.2385,1129509.3485,-9194,35.0,35,47.49,4.7775,-5520.4775,0,0.0,0,104.19,0.0,0.0,102871,-544.0,-544,4.12,55.488,9268.182,0,0.0,0,42.21,0.0,0.0,0,0.0,0,23.81,0.0,0.0
2016-07-28,-0.56266195,12.5761644,715054.924,1125761.644,-9229,195.0,195,47.19,26.6175,-2320.2175,0,0.0,0,102.83,0.0,0.0,103415,2428.0,2428,4.01,252.512,-3306.402,0,0.0,0,42.31,0.0,0.0,0,0.0,0,24.5,0.0,-0.0
2016-07-27,0.4385198,13.13882635,726860.8935,1131388.2635,-9424,456.0,456,47.0,72.048,-3016.288,0,0.0,0,104.26,0.0,0.0,100987,3038.0,3038,4.07,312.914,7401.486,0,0.0,0,42.17,0.0,0.0,0,0.0,0,24.56,0.0,0.0
2016-07-26,-0.5295928,12.70030655,747415.7155,1127003.0655,-9880,946.0,946,46.21,122.98,-8192.0,0,0.0,0,96.82,0.0,-0.0,97949,9124.0,9124,3.92,930.648,2896.072,0,0.0,0,41.72,0.0,0.0,0,0.0,0,24.23,0.0,0.0
2016-07-25,0.7575459,13.22989935,781204.1435,1132298.9935,-10826,1401.0,1401,46.49,166.0185,4723.5115,0,0.0,0,98.25,0.0,-0.0,88825,11153.0,11153,3.9,1143.1825,2851.9475,0,0.0,0,41.82,0.0,-0.0,0,0.0,0,24.26,0.0,-0.0
2016-07-22,-0.3193977,12.47235345,823197.8345,1124723.5345,-12227,1204.0,1204,46.72,161.336,878.894,0,0.0,0,99.26,0.0,-0.0,77672,10387.0,10387,3.89,1069.861,-4072.871,0,0.0,0,41.67,0.0,0.0,0,0.0,0,24.18,0.0,0.0
2016-07-21,0.292496,12.79175115,861342.4015,1127917.5115,-13431,858.0,858,46.98,101.244,4491.036,0,0.0,0,99.83,0.0,-0.0,67285,7262.0,7262,3.93,747.986,-1566.076,0,0.0,0,42.58,0.0,0.0,0,0.0,0,24.03,0.0,0.0
2016-07-20,0.1941751,12.49925515,891017.0715,1124992.5515,-14289,982.0,982,46.96,123.241,-532.271,0,0.0,0,100.0,0.0,0.0,60023,6959.0,6959,3.91,709.818,2474.022,0,0.0,0,42.36,0.0,0.0,0,0.0,0,24.15,0.0,-0.0
2016-07-19,-0.6156969,12.30508005,923488.4105,1123050.8005,-15271,805.0,805,46.67,102.235,-2746.365,0,0.0,0,99.56,0.0,0.0,53064,6299.0,6299,3.84,667.694,-3410.604,0,0.0,0,42.22,0.0,0.0,0,0.0,0,24.17,0.0,0.0
2016-07-18,-0.08719895,12.92077695,949571.8195,1129207.7695,-16076,834.0,834,46.6,100.497,-2131.997,0,0.0,0,98.7,0.0,0.0,46765,6601.0,6601,3.86,676.6025,1260.0075,0,0.0,0,42.66,0.0,-0.0,0,0.0,0,23.24,0.0,0.0
2016-07-15,-0.00396255000001,13.0079759,969741.179,1130079.759,-16910,849.0,849,46.96,97.2105,1965.2495,0,0.0,0,98.92,0.0,0.0,40164,5494.0,5494,3.88,563.135,-2004.875,0,0.0,0,42.68,0.0,0.0,0,0.0,0,23.21,0.0,0.0
2016-07-14,-0.7629483,13.01193845,993494.1445,1130119.3845,-17759,655.0,655,46.86,81.875,-7302.635,0,0.0,0,97.39,0.0,0.0,34670,5476.0,5476,3.92,564.028,-326.848,0,0.0,0,42.5,0.0,0.0,0,0.0,0,22.77,0.0,0.0
2016-07-13,0.275876,13.77488675,1019657.0475,1137748.8675,-18414,945.0,945,46.64,142.695,1963.035,0,0.0,0,97.41,0.0,-0.0,29194,4086.0,4086,3.91,418.815,795.725,0,0.0,0,42.15,0.0,0.0,0,0.0,0,21.99,0.0,0.0
2016-07-12,-2.0836446,13.49901075,1053037.1475,1134990.1075,-19359,497.0,497,45.77,60.137,-22119.697,0,0.0,0,97.17,0.0,0.0,25108,4193.0,4193,3.84,431.879,1283.251,0,0.0,0,41.69,0.0,0.0,0,0.0,0,24.2,0.0,0.0
2016-07-11,0.28763705,15.58265535,1072807.2435,1155826.5535,-19856,827.0,827,45.61,111.2315,1369.7385,0,0.0,0,96.75,0.0,0.0,20915,3196.0,3196,3.75,329.188,1506.632,0,0.0,0,41.2,0.0,0.0,0,0.0,0,23.63,0.0,0.0
2016-07-08,-2.02567035,15.2950183,1100744.913,1152950.183,-20683,357.0,357,44.86,45.696,-22126.756,0,0.0,0,96.49,0.0,0.0,17719,2891.0,2891,3.69,296.3275,1870.0525,0,0.0,0,39.62,0.0,0.0,0,0.0,0,22.97,0.0,0.0
2016-07-07,0.166523,17.32068865,1119960.3265,1173206.8865,-21040,500.0,500,44.47,79.75,972.25,0,0.0,0,95.7,0.0,0.0,14828,1124.0,1124,3.53,118.02,692.98,0,0.0,0,39.1,0.0,0.0,0,0.0,0,22.98,0.0,0.0
2016-07-06,-1.6857575,17.15416565,1141788.6165,1171541.6565,-21540,65.0,65,43.65,8.84,-15511.14,0,0.0,0,94.6,0.0,0.0,13704,2477.0,2477,3.4,260.085,-1346.435,0,0.0,0,38.77,0.0,0.0,0,0.0,0,22.57,0.0,0.0
2016-07-05,1.3972297,18.83992315,1136220.0415,1188399.2315,-21605,334.0,334,44.31,41.583,18419.527,0,0.0,0,95.39,0.0,-0.0,11227,1540.0,1540,3.65,158.62,-4447.23,0,0.0,0,39.32,0.0,-0.0,0,0.0,0,23.2,0.0,-0.0
2016-07-01,-0.55055865,17.44269345,1140944.2945,1174426.9345,-21939,441.0,441,44.36,61.9605,-5327.3205,0,0.0,0,95.49,0.0,0.0,9687,1224.0,1224,3.97,130.356,-178.266,0,0.0,0,39.87,0.0,-0.0,0,0.0,0,23.28,0.0,0.0
2016-06-30,-1.31593645,17.9932521,1161214.291,1179932.521,-22380,420.0,420,43.68,58.59,-13452.99,0,0.0,0,94.44,0.0,0.0,8463,707.0,707,3.93,73.1745,293.6255,0,0.0,0,39.23,0.0,0.0,0,0.0,0,22.32,0.0,0.0
2016-06-29,-1.56155975,19.30918855,1167088.5655,1193091.8855,-22800,439.0,439,43.55,64.7525,-15077.9125,0,0.0,0,93.97,0.0,0.0,7756,349.0,349,3.92,36.645,-537.685,0,0.0,0,38.85,0.0,0.0,0,0.0,0,22.32,0.0,0.0
2016-06-28,-1.95630305,20.8707483,1189008.363,1208707.483,-23239,-717.0,-717,42.67,133.7205,-19592.9005,0,0.0,0,92.9,0.0,0.0,7407,425.0,425,4.03,44.2,29.87,0,0.0,0,38.67,0.0,0.0,0,0.0,0,22.61,0.0,0.0
2016-06-27,3.9494682,22.82705135,1169277.9135,1228270.5135,-22522,-969.0,-969,43.63,152.133,41263.977,0,0.0,0,93.0,0.0,-0.0,6982,350.0,350,4.05,37.975,-1769.295,0,0.0,0,38.37,0.0,-0.0,0,0.0,0,22.87,0.0,-0.0
2016-06-24,5.2211688,18.87758315,1150841.2315,1188775.8315,-21553,440.0,440,44.56,50.38,56058.1,0,0.0,0,92.91,0.0,0.0,6632,1113.0,1113,4.27,115.752,-3846.412,0,0.0,0,39.26,0.0,-0.0,0,0.0,0,22.65,0.0,0.0
2016-06-23,-1.38320175,13.65641435,1113093.4535,1136564.1435,-21993,211.0,211,46.5,26.6915,-14421.3115,0,0.0,0,95.94,0.0,0.0,5519,1874.0,1874,4.96,194.896,589.294,0,0.0,0,40.35,0.0,0.0,0,0.0,0,23.23,0.0,0.0
2016-06-22,0.2643232,15.0396161,1130381.481,1150396.161,-22204,273.0,273,46.15,35.0805,2854.1695,0,0.0,0,96.25,0.0,0.0,3645,1825.0,1825,4.8,192.5375,-210.9375,0,0.0,0,39.88,0.0,0.0,0,0.0,0,23.25,0.0,0.0
2016-06-21,-0.0765953,14.7752929,1138020.479,1147752.929,-22477,617.0,617,46.21,85.763,-578.493,0,0.0,0,94.94,0.0,0.0,1820,1820.0,1820,4.73,187.46,-187.46,0,0.0,0,40.13,0.0,-0.0,0,0.0,0,23.37,0.0,0.0
2016-06-20,-1.801737,14.8518882,1161682.462,1148518.882,-23094,12.0,12,45.57,1.53,-18017.37,0,0.0,0,96.0,0.0,0.0,0,0.0,0,4.66,0.0,0.0,0,0.0,0,39.85,0.0,0.0,0,0.0,0,23.52,0.0,0.0
2016-06-17,0.0189588,16.6536252,1165149.892,1166536.252,-23106,216.0,216,45.42,30.672,189.588,0,0.0,0,96.62,0.0,-0.0,0,0.0,0,4.42,0.0,0.0,0,0.0,0,39.97,0.0,0.0,0,0.0,0,22.47,0.0,0.0
2016-06-16,-1.0025388,16.6346664,1181505.964,1166346.664,-23322,32.0,32,44.72,3.968,-10025.388,0,0.0,0,96.45,0.0,0.0,0,0.0,0,4.28,0.0,0.0,0,0.0,0,39.41,0.0,0.0,0,0.0,0,22.86,0.0,-0.0
2016-06-15,-0.0705405,17.6372052,1172401.872,1176372.052,-23354,15.0,15,45.11,1.785,-705.405,0,0.0,0,97.82,0.0,0.0,0,0.0,0,4.4,0.0,0.0,0,0.0,0,40.26,0.0,0.0,0,0.0,0,23.2,0.0,0.0
2016-06-14,0.0170861,17.7077457,1181984.947,1177077.457,-23369,-179.0,-179,44.7,23.449,170.861,0,0.0,0,97.32,0.0,0.0,0,0.0,0,4.39,0.0,-0.0,0,0.0,0,40.09,0.0,0.0,0,0.0,0,23.32,0.0,-0.0
2016-06-13,1.0151055,17.6906596,1167630.596,1176906.596,-23190,-310.0,-310,45.32,40.145,10151.055,0,0.0,0,98.69,0.0,-0.0,0,0.0,0,4.42,0.0,0.0,0,0.0,0,40.11,0.0,0.0,0,0.0,0,24.13,0.0,-0.0
2016-06-10,1.67005,16.6755541,1158289.941,1166755.541,-22880,-4.0,-4,45.73,0.46,16700.5,0,0.0,0,98.53,0.0,0.0,0,0.0,0,4.65,0.0,-0.0,0,0.0,0,40.57,0.0,-0.0,0,0.0,0,24.07,0.0,0.0
2016-06-09,0.1382232,15.0055041,1152571.401,1150055.041,-22876,208.0,208,45.98,25.688,1382.232,0,0.0,0,98.5,0.0,0.0,0,0.0,0,4.86,0.0,0.0,0,0.0,0,40.85,0.0,0.0,0,0.0,0,24.33,0.0,-0.0
2016-06-08,-0.9236291,14.8672809,1157906.409,1148672.809,-23084,-23.0,-23,45.75,2.691,-9236.291,0,0.0,0,99.02,0.0,-0.0,0,0.0,0,4.96,0.0,0.0,0,0.0,0,40.42,0.0,0.0,0,0.0,0,24.57,0.0,-0.0
2016-06-07,0.25308405,15.79091,1156525.44,1157909.1,-23061,91.0,91,45.81,10.4195,2530.8405,0,0.0,0,99.25,0.0,0.0,0,0.0,0,5.04,0.0,0.0,0,0.0,0,40.47,0.0,0.0,0,0.0,0,24.81,0.0,0.0
2016-06-06,-0.324926,15.53782595,1158619.5395,1155378.2595,-23152,-60.0,-60,45.72,7.98,-3249.26,0,0.0,0,97.99,0.0,0.0,0,0.0,0,4.98,0.0,0.0,0,0.0,0,39.7,0.0,0.0,0,0.0,0,24.25,0.0,0.0
2016-06-03,0.415656,15.86275195,1158396.5995,1158627.5195,-23092,0.0,0,45.73,0.0,4156.56,0,0.0,0,97.79,0.0,0.0,0,0.0,0,5.02,0.0,0.0,0,0.0,0,39.79,0.0,-0.0,0,0.0,0,24.56,0.0,-0.0
2016-06-02,0.11493275,15.44709595,1154240.0395,1154470.9595,-23092,57.0,57,45.91,7.5525,1149.3275,0,0.0,0,97.6,0.0,0.0,0,0.0,0,5.06,0.0,0.0,0,0.0,0,39.63,0.0,0.0,0,0.0,0,24.33,0.0,0.0
2016-06-01,-0.17360445,15.3321632,1157951.432,1153321.632,-23149,-1822.0,-1822,45.75,220.462,-1864.482,0,0.0,0,99.02,0.0,-0.0,0,0.0,0,5.02,0.0,0.0,0,2055.0,2055,39.14,262.0125,128.4375,0,0.0,0,24.3,0.0,0.0
2016-05-31,-0.25733335,15.50576765,1156923.2265,1155057.6765,-21327,-2628.0,-2628,45.79,325.872,-1897.602,0,0.0,0,99.6,0.0,0.0,0,0.0,0,5.16,0.0,0.0,-2055,3031.0,3031,39.46,383.4215,-675.7315,0,0.0,0,24.52,0.0,-0.0
2016-05-27,-0.777356,15.763101,1164917.58,1157631.01,-18699,-3370.0,-3370,45.55,404.4,-6066.29,0,0.0,0,99.44,0.0,0.0,0,0.0,0,5.08,0.0,0.0,-5086,3625.0,3625,38.91,514.75,-1707.27,0,0.0,0,24.41,0.0,0.0
2016-05-26,0.1699748,16.540457,1161544.02,1165404.57,-15329,-2917.0,-2917,45.58,363.1665,-1276.0565,0,0.0,0,99.68,0.0,0.0,0,0.0,0,5.11,0.0,0.0,-8711,3319.0,3319,39.35,413.2155,2975.8045,0,0.0,0,24.24,0.0,0.0
2016-05-25,-0.70378415,16.3704822,1166586.322,1163704.822,-12412,-2452.0,-2452,45.12,317.534,-4937.534,0,0.0,0,98.67,0.0,0.0,0,0.0,0,5.05,0.0,0.0,-12030,3195.0,3195,39.47,506.4075,-2100.3075,0,0.0,0,24.23,0.0,0.0
2016-05-24,-2.4961892,17.07426635,1187134.3635,1170742.6635,-9960,-6100.0,-6100,44.76,741.15,-4163.75,0,0.0,0,97.22,0.0,0.0,0,0.0,0,4.98,0.0,0.0,-15225,6248.0,6248,38.41,868.472,-20798.142,0,0.0,0,23.44,0.0,0.0
2016-05-23,1.50299155,19.57045555,1182444.4755,1195704.5555,-3860,-3860.0,-3860,44.89,488.29,746.91,0,0.0,0,95.87,0.0,0.0,0,0.0,0,4.87,0.0,-0.0,-21473,4241.0,4241,38.68,570.4145,14283.0055,0,0.0,0,23.68,0.0,0.0
2016-05-20,-0.3680724,18.067464,1179388.94,1180674.64,0,0.0,0,44.86,0.0,0.0,0,0.0,0,94.64,0.0,0.0,0,0.0,0,5.04,0.0,0.0,-25714,244.0,244,38.84,34.404,-3680.724,0,0.0,0,23.04,0.0,0.0
2016-05-19,-1.1151293,18.4355364,1201747.224,1184355.364,0,0.0,0,44.07,0.0,0.0,0,0.0,0,94.64,0.0,0.0,0,0.0,0,4.98,0.0,0.0,-25958,117.0,117,37.98,17.433,-11151.293,0,0.0,0,23.21,0.0,-0.0
2016-05-18,-0.53357675,19.5506657,1202546.907,1195506.657,0,0.0,0,44.45,0.0,0.0,0,0.0,0,94.16,0.0,0.0,0,0.0,0,4.81,0.0,0.0,-26075,-515.0,-515,37.95,84.7175,-5335.7675,0,0.0,0,23.24,0.0,0.0
2016-05-17,2.40105645,20.08424245,1179627.6245,1200842.4245,0,0.0,0,44.96,0.0,0.0,0,0.0,0,94.55,0.0,0.0,0,0.0,0,4.89,0.0,-0.0,-25560,459.0,459,38.85,66.3255,24010.5645,0,0.0,0,24.27,0.0,-0.0
2016-05-16,-2.0557554,17.683186,1195305.35,1176831.86,0,0.0,0,42.61,0.0,0.0,0,0.0,0,92.39,0.0,0.0,0,0.0,0,4.86,0.0,0.0,-26019,-48.0,-48,38.25,6.384,-20557.554,0,0.0,0,23.49,0.0,0.0
2016-05-13,0.258446,19.7389414,1194013.184,1197389.414,0,0.0,0,42.55,0.0,0.0,0,0.0,0,90.0,0.0,0.0,0,0.0,0,4.89,0.0,-0.0,-25971,79.0,79,38.3,10.27,2584.46,0,0.0,0,23.61,0.0,-0.0
2016-05-12,-0.31441125,19.4804954,1197670.454,1194804.954,0,0.0,0,42.59,0.0,0.0,0,0.0,0,92.72,0.0,0.0,0,0.0,0,4.97,0.0,-0.0,-26050,-161.0,-161,38.16,19.7225,-3144.1125,0,0.0,0,23.93,0.0,-0.0
2016-05-11,0.8021965,19.79490665,1193289.0465,1197949.0665,0,0.0,0,42.19,0.0,0.0,0,0.0,0,93.48,0.0,0.0,0,0.0,0,5.49,0.0,0.0,-25889,250.0,250,38.33,36.125,8021.965,0,0.0,0,24.56,0.0,0.0
2016-05-10,-1.1012561,18.99271015,1200644.0915,1189927.1015,0,0.0,0,41.5,0.0,0.0,0,0.0,0,93.33,0.0,0.0,0,0.0,0,5.54,0.0,0.0,-26139,-266.0,-266,38.05,36.841,-11012.561,0,0.0,0,24.0,0.0,0.0
2016-05-09,1.2915116,20.09396625,1189814.2725,1200939.6625,0,0.0,0,41.51,0.0,0.0,0,0.0,0,93.0,0.0,0.0,0,0.0,0,5.58,0.0,0.0,-25873,324.0,324,38.47,44.064,12915.116,0,0.0,0,23.72,0.0,0.0
2016-05-06,-1.42146125,18.80245465,1206100.4765,1188024.5465,0,0.0,0,40.86,0.0,0.0,0,0.0,0,93.37,0.0,0.0,0,0.0,0,5.5,0.0,0.0,-26197,-245.0,-245,37.85,31.4825,-14214.6125,0,0.0,0,23.52,0.0,0.0
2016-05-05,1.1579485,20.2239159,1189522.679,1202239.159,0,0.0,0,40.64,0.0,0.0,0,0.0,0,94.0,0.0,-0.0,0,0.0,0,5.53,0.0,-0.0,-25952,542.0,542,38.49,77.235,11579.485,0,0.0,0,23.67,0.0,0.0
2016-05-04,-2.467431,19.0659674,1185890.754,1190659.674,0,0.0,0,40.81,0.0,-0.0,0,0.0,0,95.2,0.0,0.0,0,-172964.0,-172964,5.62,18247.702,-21706.982,-26494,-26494.0,-26494,38.63,7736.248,-2967.328,0,0.0,0,23.58,0.0,-0.0
2016-05-03,-4.3241,21.5333984,239817.024,1215333.984,0,0.0,0,41.32,0.0,-0.0,0,0.0,0,94.2,0.0,0.0,172964,0.0,0,5.72,0.0,-43241.0,0,0.0,0,40.0,0.0,-0.0,0,0.0,0,23.91,0.0,-0.0
2016-05-02,2.248532,25.8574984,239817.024,1258574.984,0,0.0,0,41.2,0.0,0.0,0,0.0,0,93.96,0.0,0.0,172964,0.0,0,5.8,0.0,22485.32,0,0.0,0,40.36,0.0,0.0,0,0.0,0,24.11,0.0,0.0
2016-04-29,-0.86482,23.6089664,239817.024,1236089.664,0,0.0,0,40.92,0.0,0.0,0,0.0,0,93.99,0.0,-0.0,172964,0.0,0,5.82,0.0,-8648.2,0,0.0,0,40.66,0.0,-0.0,0,0.0,0,24.2,0.0,-0.0
2016-04-28,0.0,24.4737864,239817.024,1244737.864,0,0.0,0,41.25,0.0,-0.0,0,0.0,0,97.61,0.0,-0.0,172964,0.0,0,5.84,0.0,0.0,0,0.0,0,41.05,0.0,-0.0,0,0.0,0,24.33,0.0,-0.0
2016-04-27,-1.383712,24.4737864,239817.024,1244737.864,0,0.0,0,41.35,0.0,0.0,0,0.0,0,96.0,0.0,0.0,172964,0.0,0,5.81,0.0,-13837.12,0,0.0,0,41.26,0.0,0.0,0,0.0,0,24.43,0.0,0.0
2016-04-26,1.210748,25.8574984,239817.024,1258574.984,0,0.0,0,41.82,0.0,0.0,0,0.0,0,103.91,0.0,0.0,172964,0.0,0,5.9,0.0,12107.48,0,0.0,0,40.45,0.0,0.0,0,0.0,0,23.76,0.0,0.0
2016-04-25,-4.3241,24.6467504,239817.024,1246467.504,0,0.0,0,41.71,0.0,-0.0,0,0.0,0,105.0,0.0,0.0,172964,0.0,0,5.83,0.0,-43241.0,0,0.0,0,41.0,0.0,-0.0,0,0.0,0,24.13,0.0,-0.0
2016-04-22,0.345928,28.9708504,239817.024,1289708.504,0,0.0,0,41.98,0.0,0.0,0,0.0,0,105.01,0.0,0.0,172964,0.0,0,6.01,0.0,3459.28,0,0.0,0,41.19,0.0,0.0,0,0.0,0,23.99,0.0,0.0
2016-04-21,2.248532,28.6249224,239817.024,1286249.224,0,0.0,0,41.5,0.0,0.0,0,0.0,0,106.93,0.0,-0.0,172964,0.0,0,6.08,0.0,22485.32,0,0.0,0,40.97,0.0,0.0,0,0.0,0,24.43,0.0,0.0
2016-04-20,1.037784,26.3763904,239817.024,1263763.904,0,0.0,0,41.42,0.0,0.0,0,0.0,0,106.64,0.0,0.0,172964,0.0,0,5.92,0.0,10377.84,0,0.0,0,41.14,0.0,0.0,0,0.0,0,24.19,0.0,0.0
2016-04-19,0.172964,25.3386064,239817.024,1253386.064,0,0.0,0,41.18,0.0,0.0,0,0.0,0,107.88,0.0,0.0,172964,0.0,0,5.86,0.0,1729.64,0,0.0,0,41.03,0.0,0.0,0,0.0,0,24.26,0.0,0.0
2016-04-18,1.037784,25.1656424,239817.024,1251656.424,0,0.0,0,40.72,0.0,0.0,0,0.0,0,108.89,0.0,-0.0,172964,0.0,0,5.79,0.0,10377.84,0,0.0,0,40.18,0.0,0.0,0,0.0,0,24.08,0.0,0.0
2016-04-15,-0.86482,24.1278584,239817.024,1241278.584,0,0.0,0,40.77,0.0,0.0,0,0.0,0,112.11,0.0,0.0,172964,0.0,0,5.81,0.0,-8648.2,0,0.0,0,40.61,0.0,-0.0,0,0.0,0,24.62,0.0,0.0
2016-04-14,0.0,24.9926784,239817.024,1249926.784,0,0.0,0,40.86,0.0,0.0,0,0.0,0,111.62,0.0,0.0,172964,0.0,0,5.85,0.0,0.0,0,0.0,0,40.87,0.0,0.0,0,0.0,0,24.16,0.0,0.0
2016-04-13,3.978172,24.9926784,239817.024,1249926.784,0,0.0,0,39.52,0.0,0.0,0,0.0,0,110.8,0.0,0.0,172964,0.0,0,5.76,0.0,39781.72,0,0.0,0,39.4,0.0,0.0,0,0.0,0,23.64,0.0,0.0
2016-04-12,1.037784,21.0145064,239817.024,1210145.064,0,0.0,0,39.47,0.0,0.0,0,0.0,0,109.34,0.0,0.0,172964,0.0,0,5.63,0.0,10377.84,0,0.0,0,38.55,0.0,0.0,0,0.0,0,23.3,0.0,0.0
2016-04-11,2.767424,19.9767224,239817.024,1199767.224,0,0.0,0,39.86,0.0,0.0,0,0.0,0,108.97,0.0,0.0,172964,0.0,0,5.58,0.0,27674.24,0,0.0,0,38.01,0.0,0.0,0,0.0,0,23.54,0.0,0.0
2016-04-08,2.940388,17.2092984,239817.024,1172092.984,0,0.0,0,39.69,0.0,0.0,0,0.0,0,108.91,0.0,0.0,172964,0.0,0,5.38,0.0,29403.88,0,0.0,0,37.93,0.0,0.0,0,0.0,0,23.48,0.0,0.0
2016-04-07,-1.210748,14.2689104,239817.024,1142689.104,0,0.0,0,39.89,0.0,-0.0,0,0.0,0,109.95,0.0,-0.0,172964,0.0,0,5.3,0.0,-12107.48,0,0.0,0,37.62,0.0,-0.0,0,0.0,0,23.07,0.0,0.0
2016-04-06,0.86482,15.4796584,239817.024,1154796.584,0,0.0,0,39.29,0.0,0.0,0,0.0,0,110.23,0.0,0.0,172964,0.0,0,5.26,0.0,8648.2,0,0.0,0,37.23,0.0,0.0,0,0.0,0,23.36,0.0,0.0
2016-04-05,-3.45928,14.6148384,239817.024,1146148.384,0,0.0,0,39.73,0.0,-0.0,0,0.0,0,109.51,0.0,0.0,172964,0.0,0,5.29,0.0,-34592.8,0,0.0,0,37.2,0.0,0.0,0,0.0,0,23.17,0.0,0.0
2016-04-04,0.691856,18.0741184,239817.024,1180741.184,0,0.0,0,40.32,0.0,0.0,0,0.0,0,110.42,0.0,0.0,172964,0.0,0,5.48,0.0,6918.56,0,0.0,0,38.34,0.0,-0.0,0,0.0,0,23.36,0.0,-0.0
2016-04-01,-1.72964,17.3822624,239817.024,1173822.624,0,0.0,0,39.56,0.0,0.0,0,0.0,0,108.78,0.0,0.0,172964,0.0,0,5.37,0.0,-17296.4,0,0.0,0,37.25,0.0,0.0,0,0.0,0,23.15,0.0,0.0
2016-03-31,-1.037784,19.1119024,239817.024,1191119.024,0,0.0,0,40.01,0.0,-0.0,0,0.0,0,109.72,0.0,0.0,172964,0.0,0,5.55,0.0,-10377.84,0,0.0,0,37.44,0.0,0.0,0,0.0,0,23.2,0.0,0.0
2016-03-30,-1.210748,20.1496864,239817.024,1201496.864,0,0.0,0,40.36,0.0,0.0,0,0.0,0,108.65,0.0,0.0,172964,0.0,0,5.57,0.0,-12107.48,0,0.0,0,37.86,0.0,0.0,0,0.0,0,23.35,0.0,0.0
2016-03-29,1.383712,21.3604344,239817.024,1213604.344,0,0.0,0,39.35,0.0,0.0,0,0.0,0,104.89,0.0,0.0,172964,0.0,0,5.52,0.0,13837.12,0,0.0,0,36.85,0.0,0.0,0,0.0,0,22.49,0.0,0.0
2016-03-28,0.345928,19.9767224,239817.024,1199767.224,0,0.0,0,39.54,0.0,0.0,0,0.0,0,106.0,0.0,0.0,172964,0.0,0,5.53,0.0,3459.28,0,0.0,0,37.48,0.0,0.0,0,0.0,0,22.93,0.0,0.0
2016-03-24,-1.902604,19.6307944,239817.024,1196307.944,0,0.0,0,39.16,0.0,0.0,0,0.0,0,105.47,0.0,0.0,172964,0.0,0,5.5,0.0,-19026.04,0,0.0,0,36.65,0.0,0.0,0,0.0,0,22.82,0.0,-0.0
2016-03-23,-1.0524255,21.5333984,239817.024,1215333.984,0,0.0,0,39.9,0.0,0.0,0,0.0,0,106.48,0.0,-0.0,172964,-1290.0,-1290,5.69,133.515,-10524.255,0,0.0,0,37.08,0.0,-0.0,0,0.0,0,21.06,0.0,0.0
2016-03-22,-0.8982541,22.5858239,232610.439,1225858.239,0,0.0,0,39.56,0.0,0.0,0,0.0,0,105.25,0.0,0.0,174254,-1326.0,-1326,5.65,137.241,-8982.541,0,0.0,0,36.62,0.0,0.0,0,0.0,0,22.02,0.0,-0.0
2016-03-21,-0.9104554,23.484078,225255.78,1234840.78,0,0.0,0,40.07,0.0,-0.0,0,0.0,0,105.93,0.0,0.0,175580,-1871.0,-1871,5.73,194.584,-9104.554,0,0.0,0,37.89,0.0,-0.0,0,0.0,0,22.52,0.0,-0.0
2016-03-18,-1.3172629,24.3945334,214729.534,1243945.334,0,0.0,0,39.33,0.0,0.0,0,-7364.0,-7364,106.34,1292.382,2684.178,177451,139378.0,139378,5.81,14843.757,-15856.807,0,0.0,0,38.15,0.0,0.0,0,0.0,0,22.2,0.0,0.0
2016-03-17,-0.1039224,25.7117963,257564.093,1257117.963,0,0.0,0,39.06,0.0,0.0,7364,-909.0,-909,105.52,169.074,-1830.004,38073,19192.0,19192,5.72,2063.14,790.78,0,0.0,0,37.03,0.0,0.0,0,0.0,0,21.15,0.0,0.0
2016-03-16,1.31207675,25.8157187,273656.867,1258157.187,0,0.0,0,38.09,0.0,0.0,8273,-185.0,-185,104.61,30.8025,11474.2175,18881,5936.0,5936,5.57,608.44,1646.55,0,0.0,0,36.81,0.0,0.0,0,0.0,0,21.0,0.0,0.0
2016-03-15,1.6463823,24.50364195,288006.7795,1245036.4195,0,0.0,0,38.59,0.0,-0.0,8458,-105.0,-105,103.96,16.4325,17558.2475,12945,2401.0,2401,5.6,250.9045,-1094.4245,0,0.0,0,37.17,0.0,-0.0,0,0.0,0,21.06,0.0,-0.0
2016-03-14,0.1650188,22.85725965,290803.9165,1228572.5965,0,0.0,0,38.98,0.0,0.0,8563,-8.0,-8,101.91,1.112,2222.468,10544,1840.0,1840,5.65,192.28,-572.28,0,0.0,0,38.08,0.0,-0.0,0,0.0,0,21.47,0.0,-0.0
2016-03-11,1.10239665,22.69224085,300578.0285,1226922.4085,0,0.0,0,38.43,0.0,0.0,8571,-58.0,-58,102.24,11.861,9392.589,8704,1439.0,1439,5.65,154.6925,1631.3775,0,0.0,0,37.87,0.0,0.0,0,0.0,0,21.41,0.0,0.0
2016-03-10,0.11130475,21.5898442,302945.012,1215898.442,0,0.0,0,38.17,0.0,0.0,8629,-27.0,-27,101.41,4.4685,434.8115,7265,868.0,868,5.5,89.404,678.236,0,0.0,0,37.62,0.0,0.0,0,0.0,0,21.8,0.0,0.0
2016-03-09,0.10171015,21.47853945,305074.8145,1214785.3945,0,0.0,0,38.31,0.0,0.0,8656,13.0,13,101.31,2.184,773.216,6397,587.0,587,5.39,61.3415,281.3885,0,0.0,0,37.4,0.0,0.0,0,-463.0,-463,21.52,69.913,-37.503
2016-03-08,-0.8392224,21.3768293,299725.453,1213768.293,0,0.0,0,38.97,0.0,-0.0,8643,-31.0,-31,100.78,5.9985,-7299.9085,5810,639.0,639,5.38,66.7755,-570.5055,0,0.0,0,37.53,0.0,-0.0,463,-314.0,-314,22.18,43.96,-521.81
2016-03-07,-0.9851996,22.2160517,293191.307,1222160.517,0,0.0,0,39.04,0.0,0.0,8674,129.0,129,102.39,28.251,-9836.631,5171,524.0,524,5.36,54.496,-28.296,0,0.0,0,37.73,0.0,0.0,777,-251.0,-251,22.1,34.889,12.931
2016-03-04,1.31599455,23.2012513,303778.793,1232012.513,0,0.0,0,39.14,0.0,0.0,8545,50.0,50,102.37,8.15,12851.3,4647,261.0,261,5.42,27.7965,13.4535,0,0.0,0,38.06,0.0,-0.0,1028,-24.0,-24,21.96,2.928,295.192
2016-03-03,0.6930549,21.88525675,309823.7475,1218852.5675,0,0.0,0,38.92,0.0,0.0,8495,4.0,4,100.58,0.65,6371.28,4386,483.0,483,5.3,50.715,309.825,0,0.0,0,37.6,0.0,0.0,1052,-23.0,-23,21.71,2.806,249.444
2016-03-02,0.2333691,21.19220185,312340.8085,1211922.0185,0,0.0,0,38.49,0.0,0.0,8491,47.0,47,100.51,12.5725,1856.3875,3903,681.0,681,5.24,72.5265,239.7135,0,0.0,0,37.25,0.0,0.0,1075,805.0,805,21.36,114.31,237.59
2016-03-01,3.30195675,20.95883275,338027.4275,1209588.3275,0,0.0,0,37.63,0.0,0.0,8444,-108.0,-108,97.65,19.332,32509.308,3222,873.0,873,5.15,90.3555,551.9745,0,0.0,0,37.01,0.0,0.0,270,270.0,270,21.51,36.315,-41.715
2016-02-29,-0.197004,17.656876,337930.88,1176568.76,0,0.0,0,37.59,0.0,0.0,8552,-14.0,-14,96.86,2.408,-1884.548,2349,638.0,638,5.03,66.352,-85.492,0,0.0,0,36.54,0.0,0.0,0,0.0,0,21.64,0.0,0.0
2016-02-26,0.1309996,17.85388,339852.74,1178538.8,0,0.0,0,37.75,0.0,0.0,8566,48.0,48,97.2,8.424,1255.356,1711,75.0,75,5.04,7.8,54.64,0,0.0,0,36.42,0.0,0.0,0,0.0,0,21.59,0.0,0.0
2016-02-25,0.56445315,17.7228804,344912.564,1177228.804,0,0.0,0,37.62,0.0,0.0,8518,97.0,97,96.05,24.541,5602.189,1636,-77.0,-77,4.95,8.2775,42.3425,0,0.0,0,36.73,0.0,0.0,0,0.0,0,21.45,0.0,0.0
2016-02-24,1.1706143,17.15842725,353881.0825,1171584.2725,0,0.0,0,36.65,0.0,0.0,8421,-110.0,-110,93.98,21.725,11773.785,1713,-287.0,-287,4.87,30.422,-67.642,0,0.0,0,35.78,0.0,0.0,0,0.0,0,20.77,0.0,0.0
2016-02-23,-1.8768202,15.98781295,342197.7395,1159878.1295,0,0.0,0,37.64,0.0,-0.0,8531,75.0,75,96.4,11.175,-18658.065,2000,-186.0,-186,5.04,19.437,-110.137,0,0.0,0,36.85,0.0,-0.0,0,0.0,0,21.13,0.0,-0.0
2016-02-22,0.7540646,17.86463315,348520.9115,1178646.3315,0,0.0,0,37.88,0.0,0.0,8456,-7.0,-7,96.31,1.036,7103.894,2186,2.0,2,4.91,0.208,436.752,0,0.0,0,36.72,0.0,0.0,0,0.0,0,19.97,0.0,0.0
2016-02-19,-0.24290685,17.11056855,347857.8055,1171105.6855,0,0.0,0,36.98,0.0,0.0,8463,-106.0,-106,96.0,25.44,-1914.86,2184,-31.0,-31,4.74,3.2085,-514.2085,0,0.0,0,36.31,0.0,0.0,0,0.0,0,19.7,0.0,-0.0
2016-02-18,-1.605539,17.3534754,337563.514,1173534.754,0,0.0,0,37.73,0.0,-0.0,8569,95.0,95,98.84,19.285,-16026.025,2215,74.0,74,5.02,7.955,-29.365,0,0.0,0,35.82,0.0,0.0,0,0.0,0,19.63,0.0,0.0
2016-02-17,1.3019332,18.9590144,347352.034,1189590.144,0,0.0,0,35.22,0.0,0.0,8474,153.0,153,96.67,32.436,12504.494,2141,247.0,247,4.91,26.182,514.838,0,0.0,0,35.77,0.0,0.0,0,0.0,0,19.79,0.0,0.0
2016-02-16,2.21138435,17.6570812,363413.932,1176570.812,0,0.0,0,36.72,0.0,0.0,8321,13.0,13,95.02,2.2685,22034.9915,1894,223.0,223,4.75,23.638,78.852,0,0.0,0,35.22,0.0,0.0,0,0.0,0,19.16,0.0,0.0
2016-02-12,0.2452832,15.44569685,365734.3485,1154456.9685,0,0.0,0,35.84,0.0,0.0,8308,-42.0,-42,94.19,8.673,2421.227,1671,325.0,325,4.62,34.775,31.605,0,0.0,0,35.16,0.0,0.0,0,0.0,0,19.13,0.0,0.0
2016-02-11,-0.50904435,15.20041365,363323.3165,1152004.1365,0,0.0,0,35.12,0.0,0.0,8350,-58.0,-58,93.79,12.325,-4799.665,1346,489.0,489,4.72,52.0785,-290.7785,0,0.0,0,34.74,0.0,0.0,0,0.0,0,19.41,0.0,-0.0
2016-02-10,-0.6106489,15.709458,360255.98,1157094.58,0,0.0,0,35.63,0.0,0.0,8408,-16.0,-16,95.92,3.208,-6042.088,857,573.0,573,4.97,61.311,-64.401,0,0.0,0,35.75,0.0,0.0,0,0.0,0,19.72,0.0,0.0
2016-02-09,-0.0162082,16.3201069,361633.589,1163201.069,0,0.0,0,34.21,0.0,0.0,8424,56.0,56,94.29,13.048,-141.208,284,284.0,284,4.8,29.394,-20.874,0,0.0,0,33.37,0.0,0.0,0,0.0,0,19.2,0.0,0.0
2016-02-08,0.8118504,16.3363151,368319.471,1163363.151,0,0.0,0,35.61,0.0,-0.0,8368,-144.0,-144,93.13,37.656,8118.504,0,0.0,0,5.23,0.0,0.0,0,0.0,0,31.53,0.0,0.0,0,0.0,0,19.1,0.0,0.0
2016-02-05,-2.1964516,15.5244647,354946.407,1155244.647,0,0.0,0,37.26,0.0,-0.0,8512,28.0,28,96.52,5.796,-21964.516,0,0.0,0,5.44,0.0,-0.0,0,0.0,0,31.94,0.0,-0.0,0,0.0,0,19.96,0.0,-0.0
2016-02-04,0.2152248,17.7209163,357654.763,1177209.163,0,0.0,0,37.15,0.0,0.0,8484,124.0,124,95.86,29.512,2152.248,0,0.0,0,5.4,0.0,0.0,0,0.0,0,31.13,0.0,0.0,0,0.0,0,19.63,0.0,0.0
2016-02-03,1.5669056,17.5056915,369570.915,1175056.915,0,0.0,0,37.27,0.0,0.0,8360,-108.0,-108,95.0,20.304,15669.056,0,0.0,0,5.35,0.0,0.0,0,0.0,0,32.37,0.0,0.0,0,0.0,0,19.54,0.0,0.0
2016-02-02,-1.65584445,15.9387859,359331.219,1159387.859,0,0.0,0,37.18,0.0,-0.0,8468,-39.0,-39,95.42,6.4545,-16558.4445,0,0.0,0,5.41,0.0,-0.0,0,0.0,0,33.04,0.0,-0.0,0,0.0,0,20.4,0.0,-0.0
2016-02-01,-0.76141675,17.59463035,355616.2935,1175946.3035,0,0.0,0,37.37,0.0,0.0,8507,205.0,205,96.47,51.1475,-7614.1675,0,0.0,0,5.58,0.0,0.0,0,0.0,0,33.34,0.0,0.0,0,0.0,0,20.88,0.0,-0.0
2016-01-29,2.6934362,18.3560471,375443.791,1183560.471,0,0.0,0,36.44,0.0,0.0,8302,52.0,52,94.79,10.738,26934.362,0,0.0,0,5.6,0.0,0.0,0,0.0,0,32.65,0.0,0.0,0,0.0,0,20.32,0.0,0.0
2016-01-28,0.5568645,15.6626109,380383.609,1156626.109,0,0.0,0,37.27,0.0,0.0,8250,-390.0,-390,93.79,103.155,5568.645,0,0.0,0,5.64,0.0,0.0,0,0.0,0,32.18,0.0,0.0,0,0.0,0,20.81,0.0,0.0
2016-01-27,-5.6609001,15.1057464,343908.664,1151057.464,0,0.0,0,37.39,0.0,-0.0,8640,42.0,42,96.04,10.101,-56609.001,0,0.0,0,5.59,0.0,-0.0,0,0.0,0,32.13,0.0,-0.0,0,0.0,0,20.95,0.0,-0.0
2016-01-26,0.4759314,20.7666465,347952.445,1207666.465,0,0.0,0,37.89,0.0,0.0,8598,-111.0,-111,99.93,23.976,4759.314,0,0.0,0,5.63,0.0,0.0,0,0.0,0,32.25,0.0,0.0,0,0.0,0,21.09,0.0,0.0
2016-01-25,-1.735726,20.2907151,336884.191,1202907.151,0,0.0,0,37.4,0.0,0.0,8709,320.0,320,101.52,81.44,-17357.26,0,0.0,0,5.59,0.0,-0.0,0,0.0,0,32.64,0.0,-0.0,0,0.0,0,21.76,0.0,-0.0
2016-01-22,4.3153731,22.0264411,369452.031,1220264.411,0,0.0,0,37.91,0.0,0.0,8389,-97.0,-97,98.63,23.959,43153.731,0,0.0,0,5.72,0.0,0.0,0,0.0,0,32.61,0.0,0.0,0,0.0,0,22.08,0.0,0.0
2016-01-21,-1.5989719,17.711068,359908.88,1177110.68,0,25257.0,25257,37.35,4394.718,-6667.848,8486,8486.0,8486,97.06,2872.511,-9321.871,0,0.0,0,5.44,0.0,0.0,0,0.0,0,32.3,0.0,0.0,0,0.0,0,22.05,0.0,0.0
2016-01-20,-0.151542,19.3100399,1207749.459,1193100.399,-25257,0.0,0,36.68,0.0,-1515.42,0,0.0,0,95.1,0.0,0.0,0,0.0,0,5.46,0.0,0.0,0,0.0,0,31.05,0.0,0.0,0,0.0,0,21.56,0.0,0.0
2016-01-19,-0.227313,19.4615819,1183502.739,1194615.819,-25257,0.0,0,37.64,0.0,-2273.13,0,0.0,0,98.41,0.0,0.0,0,0.0,0,5.65,0.0,-0.0,0,0.0,0,32.43,0.0,0.0,0,0.0,0,24.02,0.0,0.0
2016-01-15,1.26285,19.6888949,1208002.029,1196888.949,-25257,0.0,0,36.67,0.0,12628.5,0,0.0,0,96.2,0.0,0.0,0,0.0,0,5.7,0.0,0.0,0,0.0,0,32.06,0.0,0.0,0,0.0,0,23.09,0.0,0.0
2016-01-14,-1.9018215,18.4260449,1201182.639,1184260.449,-25257,-702.0,-702,36.94,131.625,-19018.215,0,0.0,0,97.96,0.0,0.0,0,0.0,0,5.87,0.0,0.0,0,0.0,0,33.0,0.0,0.0,0,0.0,0,23.17,0.0,0.0
2016-01-13,3.26229025,20.3278664,1166691.714,1203278.664,-24555,115.0,115,38.35,16.8475,32622.9025,0,0.0,0,100.32,0.0,0.0,0,0.0,0,5.98,0.0,0.0,0,0.0,0,33.93,0.0,0.0,0,0.0,0,23.88,0.0,0.0
2016-01-12,-0.606023,17.06557615,1164734.9615,1170655.7615,-24670,-340.0,-340,38.43,59.33,-6060.23,0,0.0,0,100.55,0.0,0.0,0,0.0,0,5.37,0.0,0.0,0,0.0,0,33.98,0.0,0.0,0,0.0,0,23.52,0.0,0.0
2016-01-11,1.5805428,17.67159915,1157981.8915,1176715.9915,-24330,-216.0,-216,38.71,34.992,15805.428,0,0.0,0,98.97,0.0,0.0,0,0.0,0,5.28,0.0,0.0,0,0.0,0,33.19,0.0,0.0,0,0.0,0,23.6,0.0,0.0
2016-01-08,0.9931684,16.09105635,1145718.7435,1160910.5635,-24114,-848.0,-848,39.22,141.616,9931.684,0,0.0,0,98.55,0.0,0.0,0,0.0,0,5.27,0.0,0.0,0,0.0,0,34.42,0.0,0.0,0,0.0,0,24.2,0.0,0.0
2016-01-07,4.0289607,15.09788795,1124455.6395,1150978.8795,-23266,89.0,89,40.14,13.083,40289.607,0,0.0,0,98.68,0.0,-0.0,0,0.0,0,5.18,0.0,0.0,0,0.0,0,33.39,0.0,0.0,0,0.0,0,24.21,0.0,-0.0
2016-01-06,-0.42325325,11.06892725,1122133.2225,1110689.2725,-23355,-65.0,-65,40.24,8.4825,-4232.5325,0,0.0,0,100.56,0.0,0.0,0,0.0,0,5.35,0.0,0.0,0,0.0,0,33.93,0.0,0.0,0,0.0,0,25.11,0.0,-0.0
2016-01-05,0.3206275,11.4921805,1110729.605,1114921.805,-23290,-530.0,-530,40.73,75.525,3206.275,0,0.0,0,105.75,0.0,0.0,0,0.0,0,5.42,0.0,0.0,0,0.0,0,35.96,0.0,0.0,0,0.0,0,25.92,0.0,0.0
2016-01-04,2.535016,11.171553,1103294.33,1111715.53,-22760,-160.0,-160,41.06,21.04,25350.16,0,0.0,0,102.61,0.0,0.0,0,0.0,0,5.53,0.0,0.0,0,0.0,0,35.85,0.0,-0.0,0,0.0,0,25.82,0.0,-0.0
2015-12-31,0.81513015,8.636537,1084331.37,1086365.37,-22600,101.0,101,41.9,11.9685,8151.3015,0,0.0,0,107.01,0.0,-0.0,0,0.0,0,5.66,0.0,0.0,0,0.0,0,37.06,0.0,-0.0,0,0.0,0,26.14,0.0,0.0
2015-12-30,-0.4237238,7.82140685,1073900.8785,1078214.0685,-22701,-22701.0,-22701,42.36,2905.728,1407.462,0,0.0,0,108.58,0.0,-0.0,0,0.0,0,5.74,0.0,-0.0,0,0.0,0,37.61,0.0,0.0,0,-30025.0,-30025,26.6,3843.2,-5644.7
2015-12-29,1.231025,8.24513065,281984.8065,1082451.3065,0,0.0,0,42.08,0.0,0.0,0,0.0,0,106.96,0.0,0.0,0,0.0,0,5.76,0.0,0.0,0,0.0,0,36.94,0.0,0.0,30025,0.0,0,26.42,0.0,12310.25
2015-12-28,-1.02085,7.01410565,281984.8065,1070141.0565,0,0.0,0,42.02,0.0,-0.0,0,0.0,0,107.59,0.0,-0.0,0,0.0,0,5.77,0.0,0.0,0,0.0,0,37.03,0.0,-0.0,30025,0.0,0,26.4,0.0,-10208.5
2015-12-24,0.630525,8.03495565,281984.8065,1080349.5565,0,0.0,0,41.79,0.0,0.0,0,0.0,0,109.0,0.0,0.0,0,0.0,0,5.75,0.0,0.0,0,0.0,0,37.29,0.0,0.0,30025,0.0,0,26.36,0.0,6305.25
2015-12-23,0.450375,7.40443065,281984.8065,1074044.3065,0,0.0,0,41.62,0.0,0.0,0,0.0,0,107.27,0.0,0.0,0,0.0,0,5.73,0.0,0.0,0,0.0,0,37.13,0.0,0.0,30025,0.0,0,26.37,0.0,4503.75
2015-12-22,0.690575,6.95405565,281984.8065,1069540.5565,0,0.0,0,41.01,0.0,0.0,0,0.0,0,107.4,0.0,0.0,0,0.0,0,5.58,0.0,0.0,0,0.0,0,36.75,0.0,0.0,30025,0.0,0,26.31,0.0,6905.75
2015-12-21,4.173475,6.26348065,281984.8065,1062634.8065,0,0.0,0,40.51,0.0,0.0,0,0.0,0,107.28,0.0,0.0,0,0.0,0,5.63,0.0,0.0,0,0.0,0,36.71,0.0,0.0,30025,0.0,0,24.6,0.0,41734.75
2015-12-18,4.74395,2.09000565,281984.8065,1020900.0565,0,0.0,0,40.56,0.0,-0.0,0,0.0,0,108.91,0.0,-0.0,0,0.0,0,5.48,0.0,0.0,0,0.0,0,36.94,0.0,-0.0,30025,0.0,0,23.38,0.0,47439.5
2015-12-17,-1.110925,-2.65394435,281984.8065,973460.5565,0,0.0,0,41.55,0.0,0.0,0,0.0,0,112.02,0.0,0.0,0,0.0,0,5.64,0.0,0.0,0,0.0,0,37.22,0.0,0.0,30025,0.0,0,23.37,0.0,-11109.25
2015-12-16,2.251875,-1.54301935,281984.8065,984569.8065,0,0.0,0,41.01,0.0,0.0,0,0.0,0,111.07,0.0,0.0,0,0.0,0,5.49,0.0,0.0,0,0.0,0,36.73,0.0,0.0,30025,0.0,0,22.77,0.0,22518.75
2015-12-15,3.1226,-3.79489435,281984.8065,962051.0565,0,0.0,0,40.75,0.0,0.0,0,0.0,0,111.94,0.0,-0.0,0,0.0,0,5.47,0.0,-0.0,0,0.0,0,36.54,0.0,0.0,30025,0.0,0,21.78,0.0,31226.0
2015-12-14,-0.510425,-6.91749435,281984.8065,930825.0565,0,0.0,0,40.22,0.0,0.0,0,0.0,0,112.18,0.0,0.0,0,0.0,0,5.51,0.0,-0.0,0,0.0,0,36.72,0.0,-0.0,30025,0.0,0,21.76,0.0,-5104.25
2015-12-11,-2.912425,-6.40706935,281984.8065,935929.3065,0,0.0,0,40.75,0.0,-0.0,0,0.0,0,115.19,0.0,-0.0,0,0.0,0,5.69,0.0,-0.0,0,0.0,0,36.37,0.0,0.0,30025,0.0,0,22.03,0.0,-29124.25
2015-12-10,-0.4804,-3.49464435,281984.8065,965053.5565,0,0.0,0,40.96,0.0,0.0,0,0.0,0,116.04,0.0,0.0,0,0.0,0,5.85,0.0,-0.0,0,0.0,0,37.4,0.0,0.0,30025,0.0,0,22.89,0.0,-4804.0
2015-12-09,-0.630525,-3.01424435,281984.8065,969857.5565,0,0.0,0,41.25,0.0,0.0,0,0.0,0,115.3,0.0,0.0,0,0.0,0,5.84,0.0,0.0,0,0.0,0,36.75,0.0,0.0,30025,0.0,0,23.07,0.0,-6305.25
2015-12-08,-1.38115,-2.38371935,281984.8065,976162.8065,0,0.0,0,40.61,0.0,0.0,0,0.0,0,117.52,0.0,0.0,0,0.0,0,5.78,0.0,0.0,0,0.0,0,37.24,0.0,-0.0,30025,0.0,0,23.35,0.0,-13811.5
2015-12-07,-2.402,-1.00256935,281984.8065,989974.3065,0,0.0,0,40.92,0.0,-0.0,0,0.0,0,118.32,0.0,-0.0,0,0.0,0,5.92,0.0,-0.0,0,0.0,0,38.61,0.0,-0.0,30025,0.0,0,24.29,0.0,-24020.0
2015-12-04,-0.510425,1.39943065,281984.8065,1013994.3065,0,0.0,0,40.23,0.0,0.0,0,0.0,0,115.29,0.0,0.0,0,0.0,0,5.88,0.0,0.0,0,0.0,0,38.35,0.0,0.0,30025,0.0,0,24.54,0.0,-5104.25
2015-12-03,-0.54045,1.90985565,281984.8065,1019098.5565,0,0.0,0,40.64,0.0,0.0,0,0.0,0,115.24,0.0,-0.0,0,0.0,0,6.04,0.0,0.0,0,0.0,0,38.79,0.0,0.0,30025,0.0,0,24.83,0.0,-5404.5
2015-12-02,0.2402,2.45030565,281984.8065,1024503.0565,0,0.0,0,41.07,0.0,0.0,0,0.0,0,117.34,0.0,0.0,0,0.0,0,6.09,0.0,-0.0,0,0.0,0,39.17,0.0,-0.0,30025,0.0,0,24.6,0.0,2402.0
2015-12-01,0.270225,2.21010565,281984.8065,1022101.0565,0,0.0,0,42.16,0.0,0.0,0,0.0,0,118.75,0.0,0.0,0,0.0,0,6.17,0.0,0.0,0,0.0,0,39.04,0.0,0.0,30025,0.0,0,24.61,0.0,2702.25
2015-11-30,1.231025,1.93988065,281984.8065,1019398.8065,0,0.0,0,41.97,0.0,0.0,0,0.0,0,117.99,0.0,0.0,0,0.0,0,6.14,0.0,0.0,0,0.0,0,38.13,0.0,0.0,30025,0.0,0,24.17,0.0,12310.25
2015-11-27,-0.270225,0.70885565,281984.8065,1007088.5565,0,0.0,0,41.32,0.0,0.0,0,0.0,0,118.29,0.0,0.0,0,0.0,0,6.12,0.0,0.0,0,0.0,0,38.11,0.0,-0.0,30025,0.0,0,24.15,0.0,-2702.25
2015-11-25,-0.390325,0.97908065,281984.8065,1009790.8065,0,0.0,0,40.59,0.0,0.0,0,0.0,0,119.21,0.0,0.0,0,0.0,0,6.03,0.0,0.0,0,0.0,0,37.97,0.0,0.0,30025,0.0,0,24.35,0.0,-3903.25
2015-11-24,2.46205,1.36940565,281984.8065,1013694.0565,0,0.0,0,39.81,0.0,0.0,0,0.0,0,117.33,0.0,0.0,0,0.0,0,5.86,0.0,0.0,0,0.0,0,36.91,0.0,0.0,30025,0.0,0,23.44,0.0,24620.5
2015-11-23,0.270225,-1.09264435,281984.8065,989073.5565,0,0.0,0,39.29,0.0,0.0,0,0.0,0,119.27,0.0,-0.0,0,0.0,0,5.88,0.0,0.0,0,0.0,0,36.61,0.0,0.0,30025,0.0,0,23.47,0.0,2702.25
2015-11-20,0.210175,-1.36286935,281984.8065,986371.3065,0,0.0,0,38.78,0.0,0.0,0,0.0,0,119.2,0.0,0.0,0,0.0,0,5.89,0.0,-0.0,0,0.0,0,37.26,0.0,0.0,30025,0.0,0,23.53,0.0,2101.75
2015-11-19,0.18015,-1.57304435,281984.8065,984269.5565,0,0.0,0,39.16,0.0,-0.0,0,0.0,0,117.64,0.0,0.0,0,0.0,0,5.88,0.0,0.0,0,0.0,0,36.2,0.0,0.0,30025,0.0,0,23.29,0.0,1801.5
2015-11-18,0.930775,-1.75319435,281984.8065,982468.0565,0,0.0,0,38.43,0.0,0.0,0,0.0,0,115.76,0.0,0.0,0,0.0,0,5.7,0.0,0.0,0,0.0,0,36.0,0.0,0.0,30025,0.0,0,23.21,0.0,9307.75
2015-11-17,-0.8407,-2.68396935,281984.8065,973160.3065,0,0.0,0,36.5,0.0,0.0,0,0.0,0,114.92,0.0,0.0,0,0.0,0,5.59,0.0,0.0,0,0.0,0,36.47,0.0,-0.0,30025,0.0,0,23.35,0.0,-8407.0
2015-11-16,2.612175,-1.84326935,281984.8065,981567.3065,0,0.0,0,36.75,0.0,0.0,0,0.0,0,111.38,0.0,0.0,0,0.0,0,5.42,0.0,0.0,0,0.0,0,35.88,0.0,0.0,30025,0.0,0,22.4,0.0,26121.75
2015-11-13,0.450375,-4.45544435,281984.8065,955445.5565,0,0.0,0,37.39,0.0,-0.0,0,0.0,0,115.2,0.0,-0.0,0,0.0,0,5.48,0.0,0.0,0,0.0,0,35.54,0.0,0.0,30025,0.0,0,22.07,0.0,4503.75
2015-11-12,-1.831525,-4.90581935,281984.8065,950941.8065,0,0.0,0,37.36,0.0,0.0,0,0.0,0,116.26,0.0,0.0,0,0.0,0,5.5,0.0,-0.0,0,0.0,0,36.69,0.0,-0.0,30025,0.0,0,22.69,0.0,-18315.25
2015-11-11,-0.810675,-3.07429435,281984.8065,969257.0565,0,0.0,0,38.16,0.0,0.0,0,0.0,0,116.37,0.0,-0.0,0,0.0,0,6.17,0.0,0.0,0,0.0,0,37.56,0.0,0.0,30025,0.0,0,23.2,0.0,-8106.75
2015-11-10,-0.5547114,-2.26361935,281984.8065,977363.8065,0,0.0,0,37.89,0.0,0.0,0,0.0,0,116.9,0.0,-0.0,0,0.0,0,6.15,0.0,-0.0,0,0.0,0,36.95,0.0,0.0,30025,-556.0,-556,23.23,81.454,-5547.114
2015-11-09,-2.0757398,-1.70890795,269150.3805,982910.9205,0,0.0,0,38.04,0.0,-0.0,0,0.0,0,120.96,0.0,-0.0,0,-1869.0,-1869,6.33,198.114,-179.424,0,0.0,0,37.84,0.0,-0.0,30581,672.0,672,24.01,88.704,-20577.974
2015-11-06,0.38096465,0.36683185,273741.1485,1003668.3185,0,0.0,0,38.1,0.0,0.0,0,0.0,0,121.08,0.0,0.0,1869,-4123.0,-4123,6.26,430.8535,220.5665,0,0.0,0,37.42,0.0,0.0,29909,1141.0,1141,23.77,136.92,3589.08
2015-11-05,-0.0141328,-0.0141328,275620.512,999858.672,0,0.0,0,38.27,0.0,0.0,0,0.0,0,121.85,0.0,-0.0,5992,5992.0,5992,6.15,635.152,-515.312,0,0.0,0,37.92,0.0,0.0,28768,28768.0,28768,23.76,3365.856,373.984
2015-11-04,0.0,0.0,1000000.0,1000000.0,0,0.0,0,38.33,0.0,0.0,0,0.0,0,122.56,0.0,0.0,0,0.0,0,6.29,0.0,0.0,0,0.0,0,38.27,0.0,0.0,0,0.0,0,23.81,0.0,0.0
